txn_id,customer_id,amount,txn_type,city,txn_date,status,is_fraud
TXN-00001,CUST-306,36522.14,UPI,Hyderabad,2024-01-30,SUCCESS,false
TXN-00002,CUST-296,9862.11,UPI,Pune,2024-01-12,PENDING,false
TXN-00003,CUST-315,12936.23,Card,Hyderabad,2024-02-17,FAILED,false
TXN-00004,CUST-208,45459.86,UPI,Hyderabad,2024-03-13,SUCCESS,false
TXN-00005,CUST-496,564.23,UPI,Delhi,2024-01-06,SUCCESS,false
TXN-00006,CUST-577,46886.83,UPI,Bangalore,2024-01-26,SUCCESS,false
TXN-00007,CUST-210,47182.05,Wallet,Pune,2024-02-26,SUCCESS,false
TXN-00008,CUST-438,39380.13,UPI,Mumbai,2024-01-22,SUCCESS,false
TXN-00009,CUST-317,15959.55,Card,Mumbai,2024-03-20,SUCCESS,false
TXN-00010,CUST-202,12512.16,Wallet,Kochi,2024-03-22,SUCCESS,false
TXN-00011,CUST-491,2748.9,UPI,Surat,2024-03-01,PENDING,false
TXN-00012,CUST-542,19716.71,Card,Kolkata,2024-01-20,SUCCESS,false
TXN-00013,CUST-173,10122.29,UPI,Indore,2024-02-22,SUCCESS,false
TXN-00014,CUST-494,39508.26,UPI,Delhi,2024-02-02,SUCCESS,false
TXN-00015,CUST-137,18219.37,UPI,Mumbai,2024-01-07,SUCCESS,false
TXN-00016,CUST-515,8862.58,UPI,Bangalore,2024-02-17,SUCCESS,true
TXN-00017,CUST-290,41001.22,Card,Bangalore,2024-02-26,SUCCESS,false
TXN-00018,CUST-468,38883.29,UPI,Ahmedabad,2024-02-10,SUCCESS,false
TXN-00019,CUST-227,6374.53,UPI,Bangalore,2024-01-11,FAILED,false
TXN-00020,CUST-564,11844.24,UPI,Chennai,2024-03-28,FAILED,false
TXN-00021,CUST-373,6199.05,UPI,Jaipur,2024-02-25,FAILED,false
TXN-00022,CUST-437,29084.41,Card,Mumbai,2024-02-18,SUCCESS,false
TXN-00023,CUST-441,5246.2,Card,Delhi,2024-02-13,FAILED,false
TXN-00024,CUST-441,10050.47,UPI,Delhi,2024-01-25,FAILED,false
TXN-00025,CUST-504,41332.16,Card,Hyderabad,2024-03-31,SUCCESS,false
TXN-00026,CUST-304,15043.56,UPI,Chennai,2024-01-26,SUCCESS,false
TXN-00027,CUST-482,5388.54,Wallet,Chennai,2024-02-26,PENDING,false
TXN-00028,CUST-535,36903.77,Card,Bangalore,2024-03-08,SUCCESS,false
TXN-00029,CUST-410,16156.58,Card,Delhi,2024-01-03,PENDING,false
TXN-00030,CUST-138,46604.75,Card,Lucknow,2024-02-23,SUCCESS,false
TXN-00031,CUST-463,15903.34,Card,Delhi,2024-01-13,PENDING,false
TXN-00032,CUST-304,6445.72,Card,Delhi,2024-02-12,SUCCESS,false
TXN-00033,CUST-535,3699.86,Card,Bangalore,2024-03-12,PENDING,false
TXN-00034,CUST-228,39714.61,UPI,Bangalore,2024-03-30,SUCCESS,false
TXN-00035,CUST-345,47064.82,Card,Hyderabad,2024-03-01,SUCCESS,false
TXN-00036,CUST-335,31517.72,UPI,Mumbai,2024-03-04,SUCCESS,true
TXN-00037,CUST-448,12701.49,UPI,Hyderabad,2024-03-15,SUCCESS,false
TXN-00038,CUST-571,26741.7,UPI,Mumbai,2024-02-13,SUCCESS,false
TXN-00039,CUST-528,9209.23,UPI,Pune,2024-02-23,SUCCESS,false
TXN-00040,CUST-239,15545.44,UPI,Bangalore,2024-03-12,PENDING,false
TXN-00041,CUST-188,32602.39,Card,Hyderabad,2024-03-09,SUCCESS,false
TXN-00042,CUST-522,67.55,UPI,Chennai,2024-01-05,FAILED,false
TXN-00043,CUST-185,36554.48,UPI,Kolkata,2024-01-30,SUCCESS,false
TXN-00044,CUST-274,14896.84,Card,Jaipur,2024-03-21,SUCCESS,false
TXN-00045,CUST-175,44023.66,UPI,Lucknow,2024-01-02,SUCCESS,false
TXN-00046,CUST-500,63.62,Card,Delhi,2024-02-26,FAILED,false
TXN-00047,CUST-555,43.21,UPI,Kolkata,2024-01-22,FAILED,false
TXN-00048,CUST-260,7791.98,Card,Hyderabad,2024-01-03,SUCCESS,false
TXN-00049,CUST-551,20634.33,UPI,Chennai,2024-02-07,SUCCESS,false
TXN-00050,CUST-281,38702.35,UPI,Pune,2024-02-12,SUCCESS,false
TXN-00051,CUST-292,32435.52,Card,Hyderabad,2024-03-11,SUCCESS,false
TXN-00052,CUST-580,37232.73,UPI,Bangalore,2024-03-06,SUCCESS,false
TXN-00053,CUST-308,40521.88,Wallet,Delhi,2024-03-23,SUCCESS,false
TXN-00054,CUST-102,45770.92,Card,Mumbai,2024-01-26,SUCCESS,false
TXN-00055,CUST-131,23.25,Wallet,Delhi,2024-03-15,FAILED,false
TXN-00056,CUST-577,28317.29,Card,Chennai,2024-02-27,SUCCESS,false
TXN-00057,CUST-167,11319.28,UPI,Hyderabad,2024-02-17,SUCCESS,false
TXN-00058,CUST-206,38470.86,Card,Mumbai,2024-03-19,SUCCESS,false
TXN-00059,CUST-477,31340.41,Wallet,Mumbai,2024-03-28,SUCCESS,false
TXN-00060,CUST-358,25270.63,Wallet,Ahmedabad,2024-01-10,SUCCESS,false
TXN-00061,CUST-315,36868.27,UPI,Chennai,2024-01-31,SUCCESS,false
TXN-00062,CUST-196,15266.13,UPI,Hyderabad,2024-01-05,SUCCESS,false
TXN-00063,CUST-439,27792.75,UPI,Delhi,2024-03-26,SUCCESS,false
TXN-00064,CUST-471,14781.85,UPI,Mumbai,2024-02-19,SUCCESS,false
TXN-00065,CUST-331,29275.14,UPI,Lucknow,2024-02-15,SUCCESS,false
TXN-00066,CUST-294,7534.4,UPI,Surat,2024-02-18,SUCCESS,false
TXN-00067,CUST-114,45199.55,UPI,Delhi,2024-03-20,SUCCESS,false
TXN-00068,CUST-322,10931.65,UPI,Bangalore,2024-03-29,FAILED,false
TXN-00069,CUST-354,5367.05,UPI,Ahmedabad,2024-03-12,PENDING,false
TXN-00070,CUST-464,44669.36,UPI,Mumbai,2024-03-08,SUCCESS,false
TXN-00071,CUST-266,11820.38,Card,Delhi,2024-02-09,SUCCESS,false
TXN-00072,CUST-327,18527.65,UPI,Hyderabad,2024-02-03,SUCCESS,false
TXN-00073,CUST-244,38154.11,UPI,Surat,2024-03-31,SUCCESS,false
TXN-00074,CUST-360,17354.59,Wallet,Hyderabad,2024-03-09,PENDING,false
TXN-00075,CUST-569,13573.54,UPI,Kolkata,2024-01-09,SUCCESS,false
TXN-00076,CUST-273,4196.76,Wallet,Mumbai,2024-01-03,SUCCESS,false
TXN-00077,CUST-309,1046.75,UPI,Jaipur,2024-03-25,SUCCESS,false
TXN-00078,CUST-264,20740.39,UPI,Hyderabad,2024-01-14,SUCCESS,false
TXN-00079,CUST-246,8671.96,UPI,Mumbai,2024-03-29,SUCCESS,false
TXN-00080,CUST-258,3913.48,Card,Pune,2024-02-19,SUCCESS,false
TXN-00081,CUST-255,74.76,UPI,Chandigarh,2024-01-21,FAILED,false
TXN-00082,CUST-117,6339.01,Card,Kolkata,2024-02-02,SUCCESS,false
TXN-00083,CUST-347,21608.51,UPI,Indore,2024-03-05,SUCCESS,false
TXN-00084,CUST-424,6354.32,UPI,Delhi,2024-01-25,SUCCESS,false
TXN-00085,CUST-414,37548.8,UPI,Chennai,2024-01-30,SUCCESS,false
TXN-00086,CUST-272,10.94,Card,Pune,2024-03-15,FAILED,false
TXN-00087,CUST-145,44807.87,UPI,Mumbai,2024-01-01,SUCCESS,false
TXN-00088,CUST-252,8480.53,UPI,Mumbai,2024-02-03,SUCCESS,false
TXN-00089,CUST-428,40233.25,UPI,Hyderabad,2024-02-11,SUCCESS,false
TXN-00090,CUST-271,29670.81,UPI,Bangalore,2024-02-02,SUCCESS,false
TXN-00091,CUST-166,18291.57,UPI,Delhi,2024-03-11,PENDING,false
TXN-00092,CUST-535,34537.48,UPI,Kolkata,2024-03-07,SUCCESS,false
TXN-00093,CUST-409,8055.12,UPI,Mumbai,2024-03-07,FAILED,false
TXN-00094,CUST-110,2388.86,UPI,Hyderabad,2024-01-20,SUCCESS,false
TXN-00095,CUST-588,15921.64,Card,Delhi,2024-02-16,SUCCESS,false
TXN-00096,CUST-452,16603.2,UPI,Chennai,2024-01-05,SUCCESS,false
TXN-00097,CUST-180,41667.6,UPI,Hyderabad,2024-03-01,SUCCESS,false
TXN-00098,CUST-290,44103.61,Card,Ahmedabad,2024-02-18,SUCCESS,false
TXN-00099,CUST-280,7449.38,UPI,Delhi,2024-01-13,PENDING,false
TXN-00100,CUST-260,14028.95,Card,Hyderabad,2024-03-18,SUCCESS,false
TXN-00101,CUST-308,33733.27,Wallet,Mumbai,2024-01-17,SUCCESS,false
TXN-00102,CUST-538,12003.95,Wallet,Chennai,2024-03-09,SUCCESS,false
TXN-00103,CUST-165,46307.61,UPI,Bangalore,2024-02-19,SUCCESS,true
TXN-00104,CUST-351,3700.89,UPI,Hyderabad,2024-03-04,FAILED,false
TXN-00105,CUST-359,11296.2,Wallet,Mumbai,2024-01-09,PENDING,false
TXN-00106,CUST-166,57.67,Wallet,Surat,2024-02-15,FAILED,false
TXN-00107,CUST-120,30946.24,UPI,Kolkata,2024-01-02,SUCCESS,false
TXN-00108,CUST-354,7640.7,Card,Mumbai,2024-01-06,SUCCESS,false
TXN-00109,CUST-194,40080.88,Wallet,Kochi,2024-03-11,SUCCESS,true
TXN-00110,CUST-525,33015.84,Card,Mumbai,2024-01-08,SUCCESS,false
TXN-00111,CUST-534,16863.94,UPI,Pune,2024-01-18,SUCCESS,false
TXN-00112,CUST-453,8090.44,Wallet,Kolkata,2024-03-14,FAILED,false
TXN-00113,CUST-202,12344.13,Card,Lucknow,2024-02-03,SUCCESS,false
TXN-00114,CUST-299,6170.93,Card,Pune,2024-02-03,PENDING,false
TXN-00115,CUST-100,11279.57,Card,Kolkata,2024-01-04,SUCCESS,false
TXN-00116,CUST-549,10830.12,Wallet,Ahmedabad,2024-01-21,SUCCESS,false
TXN-00117,CUST-301,8130.81,UPI,Mumbai,2024-02-03,SUCCESS,false
TXN-00118,CUST-337,35166.53,UPI,Pune,2024-03-02,SUCCESS,false
TXN-00119,CUST-390,32135.34,UPI,Hyderabad,2024-03-05,SUCCESS,false
TXN-00120,CUST-590,15982.97,UPI,Chennai,2024-03-29,SUCCESS,false
TXN-00121,CUST-261,46770.2,UPI,Delhi,2024-01-09,SUCCESS,false
TXN-00122,CUST-506,46055.78,Wallet,Mumbai,2024-02-01,SUCCESS,false
TXN-00123,CUST-141,18352.39,UPI,Pune,2024-01-12,SUCCESS,false
TXN-00124,CUST-234,47641.22,UPI,Chennai,2024-01-24,SUCCESS,false
TXN-00125,CUST-546,7053.61,Card,Delhi,2024-01-22,SUCCESS,false
TXN-00126,CUST-453,21931.69,Card,Lucknow,2024-02-26,SUCCESS,false
TXN-00127,CUST-405,4890.41,Card,Chennai,2024-03-19,SUCCESS,true
TXN-00128,CUST-571,754.41,Wallet,Bangalore,2024-01-16,SUCCESS,false
TXN-00129,CUST-584,37646.32,UPI,Mumbai,2024-01-26,SUCCESS,false
TXN-00130,CUST-380,28341.81,UPI,Chennai,2024-01-01,SUCCESS,false
TXN-00131,CUST-588,46845.56,UPI,Kolkata,2024-01-03,SUCCESS,false
TXN-00132,CUST-492,4385.25,UPI,Delhi,2024-03-18,PENDING,false
TXN-00133,CUST-485,17730.62,UPI,Bangalore,2024-03-01,SUCCESS,false
TXN-00134,CUST-272,28006.27,UPI,Mumbai,2024-02-27,SUCCESS,true
TXN-00135,CUST-546,5754.92,Wallet,Delhi,2024-02-21,PENDING,false
TXN-00136,CUST-517,16178.62,Card,Bangalore,2024-03-31,SUCCESS,false
TXN-00137,CUST-430,25818.06,UPI,Chennai,2024-03-01,SUCCESS,false
TXN-00138,CUST-155,44350.71,Wallet,Mumbai,2024-02-24,SUCCESS,false
TXN-00139,CUST-574,16408.53,Card,Mumbai,2024-02-15,SUCCESS,false
TXN-00140,CUST-263,29025.63,Wallet,Jaipur,2024-02-03,SUCCESS,false
TXN-00141,CUST-258,23230.03,Card,Lucknow,2024-01-11,SUCCESS,false
TXN-00142,CUST-448,17185.49,UPI,Bangalore,2024-02-11,PENDING,false
TXN-00143,CUST-127,40450.15,Card,Chennai,2024-03-12,SUCCESS,true
TXN-00144,CUST-274,25.91,UPI,Bangalore,2024-03-04,FAILED,false
TXN-00145,CUST-549,3153.96,Card,Kolkata,2024-03-26,SUCCESS,true
TXN-00146,CUST-281,27843.27,UPI,Mumbai,2024-02-06,SUCCESS,false
TXN-00147,CUST-574,16523.64,UPI,Delhi,2024-02-25,PENDING,false
TXN-00148,CUST-142,9418.3,Card,Mumbai,2024-03-22,SUCCESS,false
TXN-00149,CUST-284,20663.81,UPI,Hyderabad,2024-01-30,SUCCESS,false
TXN-00150,CUST-243,11037.12,UPI,Ahmedabad,2024-01-26,SUCCESS,false
TXN-00151,CUST-365,15730.36,UPI,Delhi,2024-02-13,PENDING,false
TXN-00152,CUST-205,47482.89,UPI,Pune,2024-01-05,SUCCESS,false
TXN-00153,CUST-534,4387.79,UPI,Mumbai,2024-01-22,SUCCESS,false
TXN-00154,CUST-140,82.83,UPI,Ahmedabad,2024-02-04,FAILED,false
TXN-00155,CUST-498,8789.57,UPI,Bangalore,2024-03-17,SUCCESS,false
TXN-00156,CUST-337,31717.76,UPI,Mumbai,2024-01-23,SUCCESS,false
TXN-00157,CUST-121,15313.76,Card,Hyderabad,2024-01-06,SUCCESS,false
TXN-00158,CUST-413,10303.46,UPI,Delhi,2024-03-11,SUCCESS,true
TXN-00159,CUST-346,8385.87,Card,Kolkata,2024-01-24,SUCCESS,false
TXN-00160,CUST-139,11773.93,Card,Lucknow,2024-02-03,SUCCESS,false
TXN-00161,CUST-493,29275.01,Wallet,Mumbai,2024-03-19,SUCCESS,false
TXN-00162,CUST-480,37030.85,Card,Delhi,2024-02-26,SUCCESS,false
TXN-00163,CUST-375,80.57,UPI,Kochi,2024-03-02,FAILED,false
TXN-00164,CUST-411,9671.96,Wallet,Ahmedabad,2024-01-09,FAILED,false
TXN-00165,CUST-187,28190.14,Card,Jaipur,2024-03-08,SUCCESS,false
TXN-00166,CUST-249,42179.4,Card,Delhi,2024-01-24,SUCCESS,false
TXN-00167,CUST-136,45573.93,Card,Pune,2024-02-02,SUCCESS,false
TXN-00168,CUST-346,32388.78,UPI,Ahmedabad,2024-01-22,SUCCESS,false
TXN-00169,CUST-242,38748.73,UPI,Hyderabad,2024-03-16,SUCCESS,false
TXN-00170,CUST-164,18010.87,UPI,Hyderabad,2024-02-28,PENDING,false
TXN-00171,CUST-210,13603.49,Wallet,Delhi,2024-01-04,SUCCESS,false
TXN-00172,CUST-107,13209.67,Card,Bangalore,2024-01-17,SUCCESS,false
TXN-00173,CUST-299,17982.6,Card,Ahmedabad,2024-03-18,SUCCESS,false
TXN-00174,CUST-112,20939.45,Card,Mumbai,2024-01-14,SUCCESS,false
TXN-00175,CUST-582,98.51,Wallet,Kolkata,2024-03-07,FAILED,false
TXN-00176,CUST-413,11875.35,UPI,Chennai,2024-03-16,SUCCESS,false
TXN-00177,CUST-453,76.45,Card,Hyderabad,2024-01-16,FAILED,false
TXN-00178,CUST-461,37942.34,UPI,Chennai,2024-01-30,SUCCESS,false
TXN-00179,CUST-295,14449.95,Card,Bangalore,2024-02-02,PENDING,false
TXN-00180,CUST-190,21086.28,UPI,Mumbai,2024-02-18,SUCCESS,false
TXN-00181,CUST-207,3474.36,Card,Jaipur,2024-01-14,SUCCESS,false
TXN-00182,CUST-349,12005.71,UPI,Kolkata,2024-01-10,SUCCESS,false
TXN-00183,CUST-201,43086.11,Wallet,Kolkata,2024-02-12,SUCCESS,false
TXN-00184,CUST-474,22386.84,UPI,Mumbai,2024-01-30,SUCCESS,false
TXN-00185,CUST-291,10419.36,Card,Bangalore,2024-03-20,SUCCESS,false
TXN-00186,CUST-373,32440.28,UPI,Hyderabad,2024-02-24,SUCCESS,false
TXN-00187,CUST-326,10954.87,Card,Hyderabad,2024-03-02,SUCCESS,false
TXN-00188,CUST-431,31279.15,UPI,Mumbai,2024-01-29,SUCCESS,false
TXN-00189,CUST-437,1725.79,UPI,Mumbai,2024-03-14,SUCCESS,false
TXN-00190,CUST-384,15270.95,UPI,Kolkata,2024-01-18,SUCCESS,false
TXN-00191,CUST-238,30038.7,UPI,Delhi,2024-02-07,SUCCESS,false
TXN-00192,CUST-502,47453.94,Card,Mumbai,2024-01-04,SUCCESS,false
TXN-00193,CUST-122,14062.9,UPI,Jaipur,2024-02-10,SUCCESS,true
TXN-00194,CUST-513,13818.08,Card,Bangalore,2024-01-21,FAILED,false
TXN-00195,CUST-292,27412.51,UPI,Delhi,2024-02-04,SUCCESS,false
TXN-00196,CUST-302,7541.82,UPI,Hyderabad,2024-01-12,SUCCESS,false
TXN-00197,CUST-499,47955.16,UPI,Mumbai,2024-03-05,SUCCESS,false
TXN-00198,CUST-477,23.74,Wallet,Lucknow,2024-01-08,FAILED,false
TXN-00199,CUST-217,1216.13,Card,Delhi,2024-01-18,SUCCESS,false
TXN-00200,CUST-340,4726.75,Card,Bangalore,2024-03-13,FAILED,false
TXN-00201,CUST-364,11039.69,UPI,Hyderabad,2024-01-07,SUCCESS,false
TXN-00202,CUST-263,602.68,UPI,Kolkata,2024-01-17,SUCCESS,false
TXN-00203,CUST-500,11538.88,Card,Kolkata,2024-02-17,FAILED,false
TXN-00204,CUST-134,15282.51,UPI,Pune,2024-03-19,PENDING,false
TXN-00205,CUST-514,44981.21,UPI,Bangalore,2024-01-05,SUCCESS,false
TXN-00206,CUST-175,25627.75,Card,Delhi,2024-01-07,SUCCESS,false
TXN-00207,CUST-323,9328.44,UPI,Delhi,2024-01-13,PENDING,false
TXN-00208,CUST-179,15773.61,Card,Kolkata,2024-02-16,SUCCESS,false
TXN-00209,CUST-552,71.59,Card,Mumbai,2024-03-16,FAILED,false
TXN-00210,CUST-276,11609.37,Card,Chennai,2024-02-04,FAILED,false
TXN-00211,CUST-541,3419.12,Card,Hyderabad,2024-01-21,SUCCESS,false
TXN-00212,CUST-361,39579.45,UPI,Delhi,2024-03-16,SUCCESS,false
TXN-00213,CUST-190,49.97,UPI,Hyderabad,2024-02-09,FAILED,false
TXN-00214,CUST-162,42482.87,UPI,Hyderabad,2024-02-13,SUCCESS,false
TXN-00215,CUST-471,38267.59,UPI,Mumbai,2024-01-07,SUCCESS,false
TXN-00216,CUST-395,4312.8,Card,Delhi,2024-02-25,PENDING,false
TXN-00217,CUST-399,20802.59,UPI,Kolkata,2024-02-11,SUCCESS,false
TXN-00218,CUST-289,40393.41,UPI,Delhi,2024-02-23,SUCCESS,false
TXN-00219,CUST-441,185.08,UPI,Kolkata,2024-02-13,PENDING,false
TXN-00220,CUST-142,13306.28,UPI,Hyderabad,2024-01-07,PENDING,false
TXN-00221,CUST-193,10748.49,UPI,Chennai,2024-01-12,FAILED,false
TXN-00222,CUST-227,19435.57,UPI,Jaipur,2024-02-22,SUCCESS,false
TXN-00223,CUST-296,45401.44,UPI,Kolkata,2024-02-14,SUCCESS,false
TXN-00224,CUST-366,18031.61,UPI,Chennai,2024-03-22,SUCCESS,false
TXN-00225,CUST-573,14271.49,Card,Ahmedabad,2024-02-03,SUCCESS,false
TXN-00226,CUST-283,14337.57,UPI,Mumbai,2024-01-13,SUCCESS,false
TXN-00227,CUST-399,18879.5,UPI,Bangalore,2024-01-16,SUCCESS,false
TXN-00228,CUST-404,26175.72,UPI,Mumbai,2024-03-12,SUCCESS,false
TXN-00229,CUST-211,28551.28,UPI,Mumbai,2024-03-03,SUCCESS,false
TXN-00230,CUST-232,5970.16,Card,Delhi,2024-02-20,SUCCESS,false
TXN-00231,CUST-555,26697.28,UPI,Delhi,2024-03-21,SUCCESS,false
TXN-00232,CUST-359,39739.32,UPI,Indore,2024-01-20,SUCCESS,false
TXN-00233,CUST-113,17604.22,UPI,Delhi,2024-01-09,SUCCESS,false
TXN-00234,CUST-567,18546.44,Wallet,Ahmedabad,2024-01-25,SUCCESS,false
TXN-00235,CUST-144,24058.14,Card,Hyderabad,2024-02-12,SUCCESS,false
TXN-00236,CUST-153,3343.44,Card,Mumbai,2024-02-25,SUCCESS,false
TXN-00237,CUST-342,23275.86,UPI,Bangalore,2024-02-25,SUCCESS,false
TXN-00238,CUST-161,4489.44,Card,Chandigarh,2024-03-04,FAILED,false
TXN-00239,CUST-508,44287.03,Wallet,Chennai,2024-01-16,SUCCESS,true
TXN-00240,CUST-134,8977.88,Card,Mumbai,2024-02-18,FAILED,false
TXN-00241,CUST-436,6164.2,UPI,Chennai,2024-01-19,SUCCESS,false
TXN-00242,CUST-528,12643.64,UPI,Mumbai,2024-03-02,SUCCESS,false
TXN-00243,CUST-124,10651.61,UPI,Mumbai,2024-03-14,SUCCESS,false
TXN-00244,CUST-428,1899.92,UPI,Chennai,2024-02-05,FAILED,false
TXN-00245,CUST-230,30613.39,Card,Mumbai,2024-03-26,SUCCESS,false
TXN-00246,CUST-103,4842.02,UPI,Hyderabad,2024-03-10,SUCCESS,true
TXN-00247,CUST-237,47260.68,Card,Pune,2024-02-28,SUCCESS,false
TXN-00248,CUST-266,37555.03,UPI,Delhi,2024-03-13,SUCCESS,false
TXN-00249,CUST-505,25530.23,Card,Kolkata,2024-03-30,SUCCESS,false
TXN-00250,CUST-405,13870.94,Card,Surat,2024-01-20,SUCCESS,false
TXN-00251,CUST-136,45479.26,UPI,Pune,2024-02-18,SUCCESS,false
TXN-00252,CUST-201,2707.85,Wallet,Chennai,2024-03-05,PENDING,false
TXN-00253,CUST-179,32565.82,UPI,Pune,2024-01-04,SUCCESS,false
TXN-00254,CUST-292,25410.8,UPI,Delhi,2024-01-18,SUCCESS,false
TXN-00255,CUST-451,11091.01,UPI,Bangalore,2024-01-01,SUCCESS,false
TXN-00256,CUST-222,18141.4,Card,Hyderabad,2024-03-02,PENDING,false
TXN-00257,CUST-314,40077.81,UPI,Kolkata,2024-02-09,SUCCESS,false
TXN-00258,CUST-193,14624.51,UPI,Delhi,2024-02-10,PENDING,false
TXN-00259,CUST-228,76.01,UPI,Bangalore,2024-01-08,FAILED,false
TXN-00260,CUST-319,11851.47,UPI,Lucknow,2024-01-25,SUCCESS,false
TXN-00261,CUST-356,43498.89,UPI,Kolkata,2024-03-29,SUCCESS,false
TXN-00262,CUST-505,88.01,UPI,Delhi,2024-03-27,FAILED,false
TXN-00263,CUST-546,30996.41,UPI,Hyderabad,2024-03-26,SUCCESS,true
TXN-00264,CUST-520,39213.71,Card,Kolkata,2024-02-20,SUCCESS,false
TXN-00265,CUST-202,25832.76,UPI,Mumbai,2024-01-30,SUCCESS,false
TXN-00266,CUST-573,21939.97,UPI,Bangalore,2024-03-13,SUCCESS,false
TXN-00267,CUST-187,11294.15,UPI,Mumbai,2024-02-27,SUCCESS,false
TXN-00268,CUST-539,25786.85,UPI,Bangalore,2024-01-15,SUCCESS,false
TXN-00269,CUST-133,29452.22,Card,Hyderabad,2024-02-11,SUCCESS,false
TXN-00270,CUST-276,24939.58,Wallet,Jaipur,2024-02-13,SUCCESS,false
TXN-00271,CUST-121,20424.58,UPI,Hyderabad,2024-03-25,SUCCESS,false
TXN-00272,CUST-542,14016.29,Card,Delhi,2024-03-23,SUCCESS,false
TXN-00273,CUST-514,13872.29,UPI,Kolkata,2024-02-27,FAILED,false
TXN-00274,CUST-516,30849.79,Card,Lucknow,2024-03-24,SUCCESS,false
TXN-00275,CUST-523,36571.54,UPI,Delhi,2024-02-17,SUCCESS,false
TXN-00276,CUST-235,12451.86,UPI,Mumbai,2024-02-09,PENDING,false
TXN-00277,CUST-304,3248.63,UPI,Ahmedabad,2024-02-22,SUCCESS,false
TXN-00278,CUST-557,16816.04,Wallet,Bangalore,2024-01-22,SUCCESS,false
TXN-00279,CUST-469,38.85,UPI,Mumbai,2024-03-25,FAILED,false
TXN-00280,CUST-539,12827.08,Card,Bangalore,2024-02-09,SUCCESS,true
TXN-00281,CUST-234,5325.39,Wallet,Indore,2024-02-04,PENDING,false
TXN-00282,CUST-160,26132.98,UPI,Hyderabad,2024-02-08,SUCCESS,false
TXN-00283,CUST-457,5465.96,Card,Hyderabad,2024-02-14,SUCCESS,true
TXN-00284,CUST-104,26363.61,UPI,Hyderabad,2024-02-05,SUCCESS,true
TXN-00285,CUST-551,12778.84,UPI,Kolkata,2024-01-22,FAILED,false
TXN-00286,CUST-251,21737.71,Card,Kolkata,2024-03-16,SUCCESS,false
TXN-00287,CUST-473,56.85,UPI,Kolkata,2024-01-07,FAILED,false
TXN-00288,CUST-175,4643.72,UPI,Kolkata,2024-01-06,SUCCESS,true
TXN-00289,CUST-159,4760.12,UPI,Bangalore,2024-03-02,SUCCESS,true
TXN-00290,CUST-153,29.66,Card,Chennai,2024-01-31,FAILED,false
TXN-00291,CUST-277,10979.8,UPI,Chennai,2024-01-02,SUCCESS,false
TXN-00292,CUST-459,31848.27,Wallet,Chennai,2024-03-20,SUCCESS,true
TXN-00293,CUST-517,42806.88,Card,Chennai,2024-02-14,SUCCESS,false
TXN-00294,CUST-276,24834.97,UPI,Ahmedabad,2024-01-25,SUCCESS,false
TXN-00295,CUST-271,25868.21,Card,Mumbai,2024-03-07,SUCCESS,false
TXN-00296,CUST-435,2767.39,Card,Hyderabad,2024-01-01,SUCCESS,false
TXN-00297,CUST-446,5012.95,Card,Delhi,2024-03-24,SUCCESS,false
TXN-00298,CUST-542,40695.93,Card,Delhi,2024-02-12,SUCCESS,false
TXN-00299,CUST-324,42341.87,UPI,Hyderabad,2024-02-02,SUCCESS,false
TXN-00300,CUST-510,40576.83,Card,Bangalore,2024-03-03,SUCCESS,false
TXN-00301,CUST-490,23420.09,UPI,Delhi,2024-03-11,SUCCESS,false
TXN-00302,CUST-287,10713.9,Wallet,Jaipur,2024-02-02,FAILED,false
TXN-00303,CUST-585,22543.11,UPI,Ahmedabad,2024-03-09,SUCCESS,false
TXN-00304,CUST-179,14390.56,UPI,Mumbai,2024-01-23,SUCCESS,false
TXN-00305,CUST-310,35836.84,Card,Surat,2024-02-21,SUCCESS,false
TXN-00306,CUST-368,3622.8,Card,Indore,2024-01-16,PENDING,false
TXN-00307,CUST-135,18686.79,Card,Pune,2024-02-11,PENDING,false
TXN-00308,CUST-221,19890.58,UPI,Hyderabad,2024-01-28,SUCCESS,false
TXN-00309,CUST-545,8944.07,Wallet,Ahmedabad,2024-02-14,PENDING,false
TXN-00310,CUST-392,37654.23,Wallet,Delhi,2024-01-16,SUCCESS,false
TXN-00311,CUST-262,13159.68,UPI,Mumbai,2024-02-12,SUCCESS,false
TXN-00312,CUST-250,5862.56,UPI,Chennai,2024-02-17,SUCCESS,false
TXN-00313,CUST-384,44835.85,UPI,Bangalore,2024-01-12,SUCCESS,false
TXN-00314,CUST-175,5760.99,UPI,Kolkata,2024-03-08,PENDING,false
TXN-00315,CUST-544,8782.04,UPI,Kolkata,2024-03-15,PENDING,false
TXN-00316,CUST-581,60.54,UPI,Mumbai,2024-02-29,FAILED,false
TXN-00317,CUST-157,45770.26,UPI,Hyderabad,2024-02-15,SUCCESS,false
TXN-00318,CUST-468,43697.51,Card,Delhi,2024-03-08,SUCCESS,true
TXN-00319,CUST-237,12612.11,UPI,Bangalore,2024-01-14,PENDING,false
TXN-00320,CUST-466,33088.52,UPI,Kolkata,2024-01-27,SUCCESS,false
TXN-00321,CUST-507,4604.56,UPI,Hyderabad,2024-03-12,SUCCESS,false
TXN-00322,CUST-159,6159.38,UPI,Delhi,2024-02-03,PENDING,false
TXN-00323,CUST-417,46384.73,UPI,Chennai,2024-02-04,SUCCESS,false
TXN-00324,CUST-434,36534.42,Wallet,Chennai,2024-02-04,SUCCESS,false
TXN-00325,CUST-441,11521.48,UPI,Chennai,2024-01-14,SUCCESS,false
TXN-00326,CUST-368,19947.86,UPI,Delhi,2024-01-31,SUCCESS,false
TXN-00327,CUST-201,578.51,Card,Mumbai,2024-02-01,SUCCESS,true
TXN-00328,CUST-153,47144.39,UPI,Delhi,2024-03-18,SUCCESS,false
TXN-00329,CUST-153,13250.15,UPI,Hyderabad,2024-03-19,SUCCESS,false
TXN-00330,CUST-256,29481.59,Card,Delhi,2024-03-11,SUCCESS,false
TXN-00331,CUST-539,19634.45,UPI,Mumbai,2024-03-12,SUCCESS,false
TXN-00332,CUST-145,9925.78,Card,Hyderabad,2024-03-10,SUCCESS,true
TXN-00333,CUST-466,25614.15,Card,Mumbai,2024-01-29,SUCCESS,false
TXN-00334,CUST-268,22.11,Wallet,Bangalore,2024-01-15,FAILED,false
TXN-00335,CUST-105,29234.67,UPI,Mumbai,2024-02-16,SUCCESS,false
TXN-00336,CUST-291,25494.64,Card,Pune,2024-02-06,SUCCESS,false
TXN-00337,CUST-330,47451.85,Card,Mumbai,2024-02-21,SUCCESS,false
TXN-00338,CUST-172,30260.15,Card,Delhi,2024-01-03,SUCCESS,false
TXN-00339,CUST-303,34807.29,UPI,Kolkata,2024-03-26,SUCCESS,false
TXN-00340,CUST-456,5453.41,UPI,Chennai,2024-03-18,FAILED,false
TXN-00341,CUST-281,41334.05,Card,Mumbai,2024-02-15,SUCCESS,false
TXN-00342,CUST-519,30024.55,UPI,Mumbai,2024-02-25,SUCCESS,false
TXN-00343,CUST-322,73.93,Card,Kolkata,2024-01-07,FAILED,false
TXN-00344,CUST-429,16092.73,UPI,Bangalore,2024-01-13,SUCCESS,false
TXN-00345,CUST-229,47431.7,Wallet,Delhi,2024-03-24,SUCCESS,false
TXN-00346,CUST-119,21186.73,UPI,Delhi,2024-03-15,SUCCESS,true
TXN-00347,CUST-133,19372.61,Wallet,Kolkata,2024-03-14,SUCCESS,true
TXN-00348,CUST-450,530.84,UPI,Delhi,2024-01-03,SUCCESS,false
TXN-00349,CUST-426,18018.66,Card,Mumbai,2024-02-28,PENDING,false
TXN-00350,CUST-312,13680.95,UPI,Kolkata,2024-01-26,PENDING,false
TXN-00351,CUST-332,71.06,UPI,Bangalore,2024-03-30,FAILED,false
TXN-00352,CUST-449,16851.09,UPI,Delhi,2024-01-23,SUCCESS,false
TXN-00353,CUST-134,26901.72,UPI,Bangalore,2024-01-23,SUCCESS,false
TXN-00354,CUST-162,32349.6,Card,Mumbai,2024-02-29,SUCCESS,false
TXN-00355,CUST-438,31972.48,UPI,Mumbai,2024-03-18,SUCCESS,false
TXN-00356,CUST-395,7071.17,Wallet,Surat,2024-02-06,SUCCESS,false
TXN-00357,CUST-466,21849.96,UPI,Kolkata,2024-03-15,SUCCESS,false
TXN-00358,CUST-254,46963.26,UPI,Delhi,2024-03-25,SUCCESS,false
TXN-00359,CUST-466,7816.94,Card,Kolkata,2024-03-05,SUCCESS,false
TXN-00360,CUST-135,15857.69,UPI,Chennai,2024-01-25,SUCCESS,false
TXN-00361,CUST-342,30.01,UPI,Hyderabad,2024-02-29,FAILED,false
TXN-00362,CUST-423,25923.99,UPI,Hyderabad,2024-02-01,SUCCESS,true
TXN-00363,CUST-129,42561.1,Card,Delhi,2024-03-11,SUCCESS,false
TXN-00364,CUST-426,10806.25,Wallet,Chennai,2024-01-02,PENDING,false
TXN-00365,CUST-541,14450.05,UPI,Delhi,2024-03-08,SUCCESS,false
TXN-00366,CUST-147,34716.56,Card,Hyderabad,2024-03-05,SUCCESS,false
TXN-00367,CUST-497,10934.7,Wallet,Hyderabad,2024-02-10,FAILED,false
TXN-00368,CUST-525,45105.33,Card,Delhi,2024-02-21,SUCCESS,false
TXN-00369,CUST-553,2205.36,Wallet,Kolkata,2024-03-13,SUCCESS,false
TXN-00370,CUST-470,45897.01,UPI,Jaipur,2024-01-08,SUCCESS,false
TXN-00371,CUST-104,44921.89,Card,Delhi,2024-03-24,SUCCESS,false
TXN-00372,CUST-106,4014.94,UPI,Bangalore,2024-01-28,SUCCESS,false
TXN-00373,CUST-264,31135.61,UPI,Mumbai,2024-03-05,SUCCESS,false
TXN-00374,CUST-378,8361.77,UPI,Surat,2024-02-03,SUCCESS,false
TXN-00375,CUST-508,15455.57,UPI,Delhi,2024-03-14,SUCCESS,false
TXN-00376,CUST-325,23092.75,UPI,Kolkata,2024-03-08,SUCCESS,false
TXN-00377,CUST-303,34283.76,UPI,Chandigarh,2024-03-09,SUCCESS,false
TXN-00378,CUST-219,39037.54,Card,Bangalore,2024-01-06,SUCCESS,false
TXN-00379,CUST-216,40578.01,Wallet,Ahmedabad,2024-01-21,SUCCESS,false
TXN-00380,CUST-373,38503.15,UPI,Ahmedabad,2024-02-16,SUCCESS,false
TXN-00381,CUST-262,19270.13,Wallet,Mumbai,2024-02-27,SUCCESS,false
TXN-00382,CUST-432,16964.87,UPI,Surat,2024-02-19,SUCCESS,false
TXN-00383,CUST-405,61.88,UPI,Delhi,2024-02-07,FAILED,false
TXN-00384,CUST-240,12083.97,UPI,Bangalore,2024-01-03,SUCCESS,false
TXN-00385,CUST-400,22192.53,UPI,Jaipur,2024-03-03,SUCCESS,false
TXN-00386,CUST-358,43832.37,Wallet,Bangalore,2024-01-20,SUCCESS,true
TXN-00387,CUST-498,28908.4,Card,Kochi,2024-02-22,SUCCESS,false
TXN-00388,CUST-411,31974.04,UPI,Ahmedabad,2024-03-09,SUCCESS,false
TXN-00389,CUST-394,27339.57,UPI,Mumbai,2024-01-01,SUCCESS,false
TXN-00390,CUST-203,11683.42,Card,Pune,2024-02-24,SUCCESS,false
TXN-00391,CUST-146,47465.16,Wallet,Chennai,2024-03-28,SUCCESS,false
TXN-00392,CUST-582,18891.89,UPI,Pune,2024-02-04,PENDING,false
TXN-00393,CUST-547,80.33,Wallet,Pune,2024-02-13,FAILED,false
TXN-00394,CUST-145,19344.31,UPI,Delhi,2024-02-22,SUCCESS,false
TXN-00395,CUST-354,20.36,Card,Chennai,2024-03-19,FAILED,false
TXN-00396,CUST-364,47584.95,Wallet,Hyderabad,2024-03-07,SUCCESS,false
TXN-00397,CUST-507,10147.85,UPI,Bangalore,2024-02-26,SUCCESS,false
TXN-00398,CUST-123,26629.78,UPI,Mumbai,2024-03-15,SUCCESS,false
TXN-00399,CUST-353,5905.05,Card,Hyderabad,2024-02-07,SUCCESS,false
TXN-00400,CUST-220,15212.79,Wallet,Bangalore,2024-02-20,SUCCESS,false
TXN-00401,CUST-136,12765.27,Card,Mumbai,2024-02-07,PENDING,false
TXN-00402,CUST-169,4724.4,UPI,Hyderabad,2024-03-14,SUCCESS,false
TXN-00403,CUST-229,46035.16,UPI,Chennai,2024-01-21,SUCCESS,false
TXN-00404,CUST-245,43684.82,UPI,Bangalore,2024-01-14,SUCCESS,false
TXN-00405,CUST-275,11610.87,UPI,Ahmedabad,2024-02-19,FAILED,false
TXN-00406,CUST-495,9663.34,Card,Hyderabad,2024-03-13,SUCCESS,false
TXN-00407,CUST-472,6524.15,UPI,Mumbai,2024-02-10,SUCCESS,false
TXN-00408,CUST-428,10345.53,Wallet,Chennai,2024-01-23,FAILED,false
TXN-00409,CUST-567,10211.09,Card,Bangalore,2024-01-14,SUCCESS,false
TXN-00410,CUST-593,14092.2,Wallet,Hyderabad,2024-02-18,SUCCESS,false
TXN-00411,CUST-379,30926.77,Card,Pune,2024-03-27,SUCCESS,false
TXN-00412,CUST-401,2209.64,UPI,Mumbai,2024-03-06,SUCCESS,false
TXN-00413,CUST-240,49.01,UPI,Pune,2024-03-07,FAILED,false
TXN-00414,CUST-282,14724.8,UPI,Delhi,2024-03-26,PENDING,false
TXN-00415,CUST-472,6407.1,Wallet,Ahmedabad,2024-03-08,PENDING,false
TXN-00416,CUST-553,2629.23,UPI,Ahmedabad,2024-01-15,SUCCESS,false
TXN-00417,CUST-324,33046.08,UPI,Delhi,2024-03-31,SUCCESS,false
TXN-00418,CUST-460,89.51,UPI,Mumbai,2024-03-05,FAILED,false
TXN-00419,CUST-545,27657.67,UPI,Bangalore,2024-01-28,SUCCESS,false
TXN-00420,CUST-276,30223.79,UPI,Kolkata,2024-01-29,SUCCESS,false
TXN-00421,CUST-353,46768.4,Card,Mumbai,2024-03-25,SUCCESS,true
TXN-00422,CUST-547,33885.52,UPI,Hyderabad,2024-03-02,SUCCESS,false
TXN-00423,CUST-115,10984.35,UPI,Mumbai,2024-01-16,SUCCESS,false
TXN-00424,CUST-485,17557.99,Card,Bangalore,2024-02-13,PENDING,false
TXN-00425,CUST-515,42167.65,UPI,Mumbai,2024-01-07,SUCCESS,false
TXN-00426,CUST-452,37023.28,UPI,Chandigarh,2024-03-14,SUCCESS,false
TXN-00427,CUST-226,45257.36,UPI,Bangalore,2024-01-28,SUCCESS,false
TXN-00428,CUST-175,2453.17,UPI,Delhi,2024-02-01,PENDING,false
TXN-00429,CUST-332,31327.36,UPI,Delhi,2024-03-05,SUCCESS,false
TXN-00430,CUST-590,11971.01,UPI,Indore,2024-01-15,SUCCESS,false
TXN-00431,CUST-259,22962.08,UPI,Delhi,2024-01-16,SUCCESS,false
TXN-00432,CUST-475,3293.92,UPI,Chennai,2024-02-05,FAILED,false
TXN-00433,CUST-270,12040.67,Card,Chennai,2024-03-15,PENDING,false
TXN-00434,CUST-561,39628.93,UPI,Delhi,2024-01-07,SUCCESS,false
TXN-00435,CUST-307,30038.69,UPI,Kolkata,2024-02-03,SUCCESS,false
TXN-00436,CUST-372,38306.06,UPI,Bangalore,2024-01-09,SUCCESS,false
TXN-00437,CUST-459,73.9,UPI,Hyderabad,2024-03-28,FAILED,false
TXN-00438,CUST-521,12804.8,Card,Mumbai,2024-01-31,SUCCESS,false
TXN-00439,CUST-435,24766.36,Card,Hyderabad,2024-02-17,SUCCESS,false
TXN-00440,CUST-187,35406.59,Wallet,Kochi,2024-02-22,SUCCESS,false
TXN-00441,CUST-411,80.14,UPI,Chennai,2024-03-17,FAILED,false
TXN-00442,CUST-354,19244.14,UPI,Jaipur,2024-03-07,SUCCESS,false
TXN-00443,CUST-453,11371.56,Card,Kolkata,2024-03-15,SUCCESS,false
TXN-00444,CUST-591,22.17,Card,Delhi,2024-01-08,FAILED,false
TXN-00445,CUST-595,47849.4,Card,Delhi,2024-01-23,SUCCESS,false
TXN-00446,CUST-293,47965.84,Wallet,Pune,2024-01-28,SUCCESS,false
TXN-00447,CUST-599,26370.03,UPI,Mumbai,2024-02-19,SUCCESS,false
TXN-00448,CUST-474,7127.63,UPI,Delhi,2024-02-27,PENDING,false
TXN-00449,CUST-210,17844.43,UPI,Mumbai,2024-02-03,SUCCESS,false
TXN-00450,CUST-218,13554.49,Card,Kolkata,2024-03-07,FAILED,false
TXN-00451,CUST-276,28141.15,Card,Bangalore,2024-01-29,SUCCESS,false
TXN-00452,CUST-524,1843.37,UPI,Mumbai,2024-02-29,SUCCESS,false
TXN-00453,CUST-388,1839.41,UPI,Bangalore,2024-02-08,SUCCESS,false
TXN-00454,CUST-540,46032.21,UPI,Ahmedabad,2024-03-06,SUCCESS,false
TXN-00455,CUST-583,2961.85,Card,Bangalore,2024-02-03,PENDING,false
TXN-00456,CUST-448,9681.65,UPI,Pune,2024-03-08,PENDING,false
TXN-00457,CUST-451,32621.54,UPI,Mumbai,2024-02-14,SUCCESS,false
TXN-00458,CUST-328,44294.58,UPI,Bangalore,2024-01-28,SUCCESS,false
TXN-00459,CUST-160,12678.59,UPI,Mumbai,2024-01-15,SUCCESS,false
TXN-00460,CUST-325,7685.14,Card,Delhi,2024-01-02,PENDING,false
TXN-00461,CUST-114,38033.03,UPI,Delhi,2024-01-30,SUCCESS,false
TXN-00462,CUST-318,9662.41,UPI,Chennai,2024-03-17,PENDING,false
TXN-00463,CUST-541,29.5,Card,Kolkata,2024-03-08,FAILED,false
TXN-00464,CUST-358,77.44,Card,Delhi,2024-03-25,FAILED,false
TXN-00465,CUST-542,41368.99,Wallet,Kolkata,2024-01-23,SUCCESS,false
TXN-00466,CUST-437,8479.27,UPI,Hyderabad,2024-03-10,PENDING,false
TXN-00467,CUST-458,42984.42,Card,Delhi,2024-02-04,SUCCESS,false
TXN-00468,CUST-300,35200.84,UPI,Indore,2024-01-12,SUCCESS,false
TXN-00469,CUST-414,31954.58,Wallet,Hyderabad,2024-01-29,SUCCESS,false
TXN-00470,CUST-172,17627.75,UPI,Delhi,2024-01-01,SUCCESS,false
TXN-00471,CUST-489,11841.57,UPI,Bangalore,2024-01-30,SUCCESS,false
TXN-00472,CUST-130,46059.52,Card,Pune,2024-02-12,SUCCESS,false
TXN-00473,CUST-359,42.28,Card,Jaipur,2024-03-03,FAILED,false
TXN-00474,CUST-543,43645.62,UPI,Jaipur,2024-02-17,SUCCESS,false
TXN-00475,CUST-426,23179.65,Card,Pune,2024-02-29,SUCCESS,false
TXN-00476,CUST-176,3059.52,Card,Hyderabad,2024-03-09,PENDING,false
TXN-00477,CUST-266,10744.4,Card,Mumbai,2024-03-16,SUCCESS,false
TXN-00478,CUST-294,23331.02,UPI,Delhi,2024-01-09,SUCCESS,false
TXN-00479,CUST-440,25850.64,Card,Mumbai,2024-02-14,SUCCESS,false
TXN-00480,CUST-471,13347.01,UPI,Hyderabad,2024-03-15,SUCCESS,false
TXN-00481,CUST-212,23408.73,Wallet,Hyderabad,2024-01-20,SUCCESS,false
TXN-00482,CUST-278,13559.26,Card,Delhi,2024-01-17,FAILED,false
TXN-00483,CUST-294,6230.47,Wallet,Mumbai,2024-01-13,FAILED,false
TXN-00484,CUST-462,94.4,UPI,Ahmedabad,2024-03-21,FAILED,false
TXN-00485,CUST-253,8282.15,UPI,Hyderabad,2024-03-30,SUCCESS,false
TXN-00486,CUST-308,27.11,Wallet,Bangalore,2024-03-04,FAILED,false
TXN-00487,CUST-283,19.16,UPI,Mumbai,2024-03-19,FAILED,false
TXN-00488,CUST-253,4058.29,UPI,Delhi,2024-01-25,SUCCESS,false
TXN-00489,CUST-150,39182.61,UPI,Chennai,2024-01-10,SUCCESS,false
TXN-00490,CUST-442,15135.36,Card,Jaipur,2024-02-16,SUCCESS,false
TXN-00491,CUST-225,278.2,UPI,Bangalore,2024-03-01,FAILED,false
TXN-00492,CUST-540,27910.74,Card,Hyderabad,2024-01-17,SUCCESS,false
TXN-00493,CUST-305,22638.29,UPI,Ahmedabad,2024-03-01,SUCCESS,true
TXN-00494,CUST-301,14206.07,Wallet,Hyderabad,2024-01-20,FAILED,false
TXN-00495,CUST-341,9090.88,Card,Hyderabad,2024-01-08,SUCCESS,false
TXN-00496,CUST-528,25674.7,Card,Chennai,2024-03-10,SUCCESS,false
TXN-00497,CUST-230,40444.16,UPI,Mumbai,2024-01-11,SUCCESS,false
TXN-00498,CUST-437,7925.76,UPI,Bangalore,2024-01-28,PENDING,false
TXN-00499,CUST-501,47674.0,Card,Mumbai,2024-03-29,SUCCESS,false
TXN-00500,CUST-457,11971.53,UPI,Hyderabad,2024-03-15,SUCCESS,false
TXN-00501,CUST-482,17502.73,UPI,Kolkata,2024-01-31,SUCCESS,false
TXN-00502,CUST-111,34860.07,Card,Delhi,2024-01-19,SUCCESS,false
TXN-00503,CUST-273,23977.1,UPI,Kolkata,2024-02-28,SUCCESS,false
TXN-00504,CUST-191,44834.78,UPI,Mumbai,2024-02-25,SUCCESS,false
TXN-00505,CUST-599,6645.95,UPI,Delhi,2024-01-29,SUCCESS,true
TXN-00506,CUST-164,18240.24,UPI,Surat,2024-03-17,SUCCESS,false
TXN-00507,CUST-558,7370.18,Card,Mumbai,2024-01-18,SUCCESS,false
TXN-00508,CUST-425,41305.81,UPI,Bangalore,2024-03-08,SUCCESS,false
TXN-00509,CUST-152,37823.97,Card,Chennai,2024-02-07,SUCCESS,false
TXN-00510,CUST-578,3684.76,UPI,Delhi,2024-02-14,SUCCESS,false
TXN-00511,CUST-440,7853.81,UPI,Hyderabad,2024-02-08,SUCCESS,false
TXN-00512,CUST-569,3781.92,UPI,Kolkata,2024-02-29,PENDING,false
TXN-00513,CUST-467,43549.74,UPI,Hyderabad,2024-03-30,SUCCESS,false
TXN-00514,CUST-544,5471.98,UPI,Pune,2024-03-24,SUCCESS,false
TXN-00515,CUST-158,31379.92,UPI,Hyderabad,2024-03-19,SUCCESS,false
TXN-00516,CUST-172,36.33,Wallet,Mumbai,2024-03-06,FAILED,false
TXN-00517,CUST-357,12814.82,UPI,Hyderabad,2024-03-12,PENDING,false
TXN-00518,CUST-353,17492.55,UPI,Jaipur,2024-02-02,SUCCESS,false
TXN-00519,CUST-408,34850.72,UPI,Indore,2024-03-07,SUCCESS,false
TXN-00520,CUST-543,9199.44,Wallet,Mumbai,2024-02-07,PENDING,false
TXN-00521,CUST-576,4047.72,UPI,Delhi,2024-01-24,PENDING,false
TXN-00522,CUST-345,3258.12,Card,Kochi,2024-02-16,PENDING,false
TXN-00523,CUST-483,10434.58,Wallet,Surat,2024-03-27,SUCCESS,false
TXN-00524,CUST-134,17448.48,Card,Mumbai,2024-03-21,PENDING,false
TXN-00525,CUST-263,1231.09,UPI,Bangalore,2024-03-11,FAILED,false
TXN-00526,CUST-316,28439.06,UPI,Kolkata,2024-03-25,SUCCESS,false
TXN-00527,CUST-176,10312.47,UPI,Mumbai,2024-02-27,PENDING,false
TXN-00528,CUST-255,17565.06,Wallet,Bangalore,2024-03-03,SUCCESS,false
TXN-00529,CUST-263,45837.57,Card,Pune,2024-02-18,SUCCESS,false
TXN-00530,CUST-257,13667.07,UPI,Kolkata,2024-03-19,SUCCESS,false
TXN-00531,CUST-102,9936.91,UPI,Pune,2024-03-27,SUCCESS,false
TXN-00532,CUST-331,36107.88,Card,Mumbai,2024-01-18,SUCCESS,false
TXN-00533,CUST-217,29045.0,UPI,Mumbai,2024-01-09,SUCCESS,false
TXN-00534,CUST-486,17845.53,Wallet,Mumbai,2024-01-26,SUCCESS,false
TXN-00535,CUST-250,11569.57,UPI,Bangalore,2024-03-03,PENDING,false
TXN-00536,CUST-353,46204.89,Card,Hyderabad,2024-03-04,SUCCESS,false
TXN-00537,CUST-325,29006.09,Wallet,Ahmedabad,2024-02-15,SUCCESS,false
TXN-00538,CUST-269,44.87,UPI,Hyderabad,2024-02-18,FAILED,false
TXN-00539,CUST-186,10716.39,UPI,Delhi,2024-01-03,SUCCESS,false
TXN-00540,CUST-419,42878.69,Card,Hyderabad,2024-01-26,SUCCESS,false
TXN-00541,CUST-585,8224.6,Card,Bangalore,2024-02-15,FAILED,false
TXN-00542,CUST-251,31151.19,UPI,Delhi,2024-02-22,SUCCESS,false
TXN-00543,CUST-269,31719.88,UPI,Delhi,2024-02-05,SUCCESS,false
TXN-00544,CUST-245,22009.75,Card,Surat,2024-01-26,SUCCESS,false
TXN-00545,CUST-150,4350.67,Card,Mumbai,2024-02-18,PENDING,false
TXN-00546,CUST-428,34040.49,Wallet,Kolkata,2024-03-29,SUCCESS,false
TXN-00547,CUST-293,33508.61,Card,Hyderabad,2024-02-13,SUCCESS,false
TXN-00548,CUST-232,24332.94,UPI,Lucknow,2024-02-17,SUCCESS,false
TXN-00549,CUST-575,45726.21,UPI,Mumbai,2024-02-05,SUCCESS,false
TXN-00550,CUST-244,41991.72,Card,Mumbai,2024-03-19,SUCCESS,false
TXN-00551,CUST-513,37684.51,Card,Hyderabad,2024-03-12,SUCCESS,false
TXN-00552,CUST-120,814.12,UPI,Bangalore,2024-03-16,SUCCESS,false
TXN-00553,CUST-234,5004.46,Wallet,Mumbai,2024-01-26,SUCCESS,false
TXN-00554,CUST-354,33442.57,UPI,Delhi,2024-03-08,SUCCESS,false
TXN-00555,CUST-465,6462.06,UPI,Kolkata,2024-01-16,PENDING,false
TXN-00556,CUST-375,36938.84,UPI,Delhi,2024-01-15,SUCCESS,false
TXN-00557,CUST-156,5117.47,UPI,Hyderabad,2024-02-24,SUCCESS,false
TXN-00558,CUST-271,34742.55,UPI,Delhi,2024-01-06,SUCCESS,false
TXN-00559,CUST-232,943.55,UPI,Delhi,2024-01-17,SUCCESS,false
TXN-00560,CUST-358,9488.2,UPI,Delhi,2024-03-12,SUCCESS,false
TXN-00561,CUST-133,12936.49,Card,Chandigarh,2024-03-11,FAILED,false
TXN-00562,CUST-362,7817.42,Card,Delhi,2024-03-14,SUCCESS,false
TXN-00563,CUST-255,37801.02,Card,Bangalore,2024-01-01,SUCCESS,false
TXN-00564,CUST-487,653.18,UPI,Kolkata,2024-03-31,SUCCESS,false
TXN-00565,CUST-350,9594.6,UPI,Delhi,2024-01-17,SUCCESS,false
TXN-00566,CUST-544,4647.94,Card,Chennai,2024-03-10,SUCCESS,false
TXN-00567,CUST-113,19304.86,UPI,Hyderabad,2024-03-11,SUCCESS,false
TXN-00568,CUST-419,45136.0,Wallet,Pune,2024-01-22,SUCCESS,false
TXN-00569,CUST-410,3152.77,UPI,Kolkata,2024-01-25,FAILED,false
TXN-00570,CUST-443,79.05,Card,Bangalore,2024-02-08,FAILED,false
TXN-00571,CUST-542,8989.41,Card,Mumbai,2024-03-29,PENDING,false
TXN-00572,CUST-399,64.39,Card,Pune,2024-02-10,FAILED,false
TXN-00573,CUST-585,10172.09,UPI,Mumbai,2024-02-26,SUCCESS,false
TXN-00574,CUST-571,32208.86,UPI,Bangalore,2024-03-25,SUCCESS,false
TXN-00575,CUST-175,5333.35,Wallet,Mumbai,2024-02-06,SUCCESS,false
TXN-00576,CUST-460,8084.61,UPI,Mumbai,2024-01-16,SUCCESS,false
TXN-00577,CUST-483,25.24,Card,Jaipur,2024-02-27,FAILED,false
TXN-00578,CUST-436,11454.36,Card,Kolkata,2024-01-17,PENDING,false
TXN-00579,CUST-460,7996.45,UPI,Ahmedabad,2024-02-03,FAILED,false
TXN-00580,CUST-527,16975.61,UPI,Mumbai,2024-02-06,SUCCESS,false
TXN-00581,CUST-457,3857.39,UPI,Delhi,2024-03-10,FAILED,false
TXN-00582,CUST-281,7059.83,Card,Kolkata,2024-02-22,PENDING,false
TXN-00583,CUST-578,10719.05,Card,Bangalore,2024-02-19,PENDING,false
TXN-00584,CUST-588,46819.03,Card,Mumbai,2024-03-16,SUCCESS,false
TXN-00585,CUST-201,81.6,Card,Bangalore,2024-02-27,FAILED,false
TXN-00586,CUST-531,26013.19,UPI,Chennai,2024-02-21,SUCCESS,false
TXN-00587,CUST-108,2178.56,Card,Mumbai,2024-03-19,FAILED,false
TXN-00588,CUST-201,19710.72,UPI,Ahmedabad,2024-02-19,PENDING,false
TXN-00589,CUST-205,35199.09,Card,Mumbai,2024-02-14,SUCCESS,false
TXN-00590,CUST-249,8269.23,UPI,Bangalore,2024-03-11,FAILED,false
TXN-00591,CUST-563,1702.79,UPI,Bangalore,2024-01-21,SUCCESS,false
TXN-00592,CUST-443,5652.24,Card,Mumbai,2024-01-03,SUCCESS,false
TXN-00593,CUST-584,95.27,Card,Bangalore,2024-02-17,FAILED,false
TXN-00594,CUST-204,15085.0,Card,Pune,2024-03-22,PENDING,false
TXN-00595,CUST-350,7695.6,UPI,Bangalore,2024-03-08,SUCCESS,false
TXN-00596,CUST-232,4487.35,UPI,Indore,2024-03-15,SUCCESS,false
TXN-00597,CUST-260,39659.74,UPI,Bangalore,2024-02-11,SUCCESS,false
TXN-00598,CUST-393,42202.87,Wallet,Chennai,2024-01-27,SUCCESS,false
TXN-00599,CUST-399,15123.2,Wallet,Pune,2024-01-07,SUCCESS,false
TXN-00600,CUST-371,811.78,UPI,Surat,2024-02-22,SUCCESS,false
TXN-00601,CUST-222,13668.56,Card,Mumbai,2024-03-14,PENDING,false
TXN-00602,CUST-544,29200.71,UPI,Hyderabad,2024-01-24,SUCCESS,false
TXN-00603,CUST-402,43890.68,UPI,Indore,2024-02-06,SUCCESS,false
TXN-00604,CUST-465,44841.85,Wallet,Mumbai,2024-01-12,SUCCESS,false
TXN-00605,CUST-153,12769.19,UPI,Chennai,2024-02-21,SUCCESS,false
TXN-00606,CUST-117,5725.69,UPI,Mumbai,2024-01-17,PENDING,false
TXN-00607,CUST-415,958.87,Wallet,Surat,2024-03-09,SUCCESS,false
TXN-00608,CUST-287,35548.88,UPI,Delhi,2024-01-15,SUCCESS,false
TXN-00609,CUST-348,21784.21,Wallet,Pune,2024-01-15,SUCCESS,false
TXN-00610,CUST-376,10109.5,UPI,Bangalore,2024-02-05,SUCCESS,false
TXN-00611,CUST-211,12322.8,UPI,Mumbai,2024-03-17,SUCCESS,false
TXN-00612,CUST-414,14899.88,Wallet,Delhi,2024-03-22,SUCCESS,false
TXN-00613,CUST-364,16706.02,Card,Kolkata,2024-03-12,SUCCESS,false
TXN-00614,CUST-301,25271.5,Card,Chennai,2024-03-09,SUCCESS,false
TXN-00615,CUST-461,26037.92,Card,Jaipur,2024-03-19,SUCCESS,false
TXN-00616,CUST-505,34786.29,UPI,Mumbai,2024-02-19,SUCCESS,false
TXN-00617,CUST-569,40551.41,UPI,Delhi,2024-03-23,SUCCESS,false
TXN-00618,CUST-366,40467.05,Card,Mumbai,2024-01-31,SUCCESS,false
TXN-00619,CUST-284,1702.13,Card,Mumbai,2024-03-01,FAILED,false
TXN-00620,CUST-363,18117.45,UPI,Bangalore,2024-01-31,PENDING,false
TXN-00621,CUST-389,25514.68,UPI,Ahmedabad,2024-02-22,SUCCESS,false
TXN-00622,CUST-275,37.68,Wallet,Delhi,2024-03-24,FAILED,false
TXN-00623,CUST-562,5096.39,UPI,Chennai,2024-03-01,SUCCESS,false
TXN-00624,CUST-273,21207.46,Card,Surat,2024-03-26,SUCCESS,false
TXN-00625,CUST-152,13896.34,Card,Delhi,2024-01-30,SUCCESS,false
TXN-00626,CUST-247,5796.58,UPI,Mumbai,2024-02-16,SUCCESS,false
TXN-00627,CUST-138,17486.88,Card,Chennai,2024-02-10,SUCCESS,false
TXN-00628,CUST-184,45327.74,UPI,Chandigarh,2024-01-29,SUCCESS,false
TXN-00629,CUST-469,19239.75,Card,Chennai,2024-03-15,SUCCESS,false
TXN-00630,CUST-525,47650.36,UPI,Kolkata,2024-02-20,SUCCESS,false
TXN-00631,CUST-428,10696.81,UPI,Delhi,2024-02-11,PENDING,false
TXN-00632,CUST-530,15909.89,UPI,Bangalore,2024-01-12,SUCCESS,false
TXN-00633,CUST-382,42157.24,Wallet,Delhi,2024-03-29,SUCCESS,false
TXN-00634,CUST-277,31918.4,UPI,Delhi,2024-02-15,SUCCESS,false
TXN-00635,CUST-182,6912.21,Wallet,Bangalore,2024-03-08,FAILED,false
TXN-00636,CUST-567,6489.58,UPI,Indore,2024-01-31,PENDING,false
TXN-00637,CUST-247,25253.56,UPI,Hyderabad,2024-01-27,SUCCESS,false
TXN-00638,CUST-151,45344.55,Card,Delhi,2024-03-22,SUCCESS,false
TXN-00639,CUST-369,4088.7,Wallet,Mumbai,2024-02-16,SUCCESS,false
TXN-00640,CUST-282,47869.62,UPI,Delhi,2024-02-11,SUCCESS,false
TXN-00641,CUST-406,17321.39,UPI,Chennai,2024-03-23,SUCCESS,false
TXN-00642,CUST-567,31924.37,UPI,Indore,2024-03-30,SUCCESS,false
TXN-00643,CUST-178,5599.47,UPI,Jaipur,2024-01-25,PENDING,false
TXN-00644,CUST-363,16088.81,Wallet,Jaipur,2024-02-13,SUCCESS,true
TXN-00645,CUST-456,40058.08,Card,Bangalore,2024-03-06,SUCCESS,false
TXN-00646,CUST-577,2442.89,UPI,Bangalore,2024-03-14,SUCCESS,false
TXN-00647,CUST-265,13964.26,Card,Chennai,2024-03-23,SUCCESS,false
TXN-00648,CUST-239,22154.93,UPI,Chennai,2024-03-31,SUCCESS,false
TXN-00649,CUST-232,31784.88,UPI,Surat,2024-02-04,SUCCESS,false
TXN-00650,CUST-386,79.65,UPI,Chandigarh,2024-02-18,FAILED,false
TXN-00651,CUST-291,44698.96,UPI,Ahmedabad,2024-01-13,SUCCESS,false
TXN-00652,CUST-180,35784.56,UPI,Delhi,2024-02-01,SUCCESS,false
TXN-00653,CUST-319,12870.18,UPI,Delhi,2024-03-28,FAILED,false
TXN-00654,CUST-229,12212.44,UPI,Pune,2024-01-09,SUCCESS,false
TXN-00655,CUST-543,17250.44,UPI,Mumbai,2024-01-30,PENDING,false
TXN-00656,CUST-234,34827.77,Card,Hyderabad,2024-03-15,SUCCESS,false
TXN-00657,CUST-114,32154.18,Wallet,Pune,2024-02-11,SUCCESS,false
TXN-00658,CUST-557,10331.01,UPI,Ahmedabad,2024-01-25,PENDING,false
TXN-00659,CUST-107,20037.66,UPI,Bangalore,2024-02-25,SUCCESS,false
TXN-00660,CUST-178,9008.15,UPI,Kolkata,2024-02-10,FAILED,false
TXN-00661,CUST-357,36576.82,Card,Delhi,2024-01-19,SUCCESS,true
TXN-00662,CUST-323,14820.39,UPI,Mumbai,2024-03-31,SUCCESS,false
TXN-00663,CUST-184,42831.45,UPI,Ahmedabad,2024-03-08,SUCCESS,false
TXN-00664,CUST-338,7599.22,Wallet,Kochi,2024-01-02,SUCCESS,false
TXN-00665,CUST-512,30034.07,UPI,Chandigarh,2024-02-16,SUCCESS,false
TXN-00666,CUST-541,10989.36,Wallet,Kolkata,2024-03-06,SUCCESS,false
TXN-00667,CUST-173,33903.77,Card,Ahmedabad,2024-01-18,SUCCESS,false
TXN-00668,CUST-475,6422.76,UPI,Surat,2024-02-26,SUCCESS,false
TXN-00669,CUST-431,28.69,UPI,Pune,2024-02-04,FAILED,false
TXN-00670,CUST-270,3934.11,Card,Bangalore,2024-02-19,SUCCESS,false
TXN-00671,CUST-199,11239.09,Wallet,Mumbai,2024-03-31,SUCCESS,false
TXN-00672,CUST-360,4518.44,UPI,Delhi,2024-03-03,SUCCESS,false
TXN-00673,CUST-162,19958.57,UPI,Ahmedabad,2024-01-29,SUCCESS,false
TXN-00674,CUST-182,10704.8,Wallet,Mumbai,2024-03-17,PENDING,false
TXN-00675,CUST-424,47134.43,Card,Bangalore,2024-02-08,SUCCESS,false
TXN-00676,CUST-469,13800.99,UPI,Bangalore,2024-03-23,SUCCESS,false
TXN-00677,CUST-351,12062.61,UPI,Chennai,2024-02-12,SUCCESS,false
TXN-00678,CUST-151,25187.62,UPI,Delhi,2024-01-15,SUCCESS,false
TXN-00679,CUST-393,1347.79,UPI,Hyderabad,2024-01-21,SUCCESS,false
TXN-00680,CUST-545,15595.92,Wallet,Indore,2024-02-18,SUCCESS,false
TXN-00681,CUST-493,27595.22,Wallet,Hyderabad,2024-02-25,SUCCESS,false
TXN-00682,CUST-362,11870.9,Card,Lucknow,2024-01-02,SUCCESS,false
TXN-00683,CUST-218,4624.26,UPI,Chennai,2024-03-06,SUCCESS,false
TXN-00684,CUST-116,4506.02,Card,Mumbai,2024-03-08,SUCCESS,false
TXN-00685,CUST-255,40646.55,Card,Pune,2024-02-29,SUCCESS,false
TXN-00686,CUST-197,4448.84,Wallet,Kolkata,2024-03-26,SUCCESS,false
TXN-00687,CUST-536,31774.44,UPI,Chandigarh,2024-03-02,SUCCESS,false
TXN-00688,CUST-290,19957.3,UPI,Bangalore,2024-01-11,SUCCESS,false
TXN-00689,CUST-404,36361.64,UPI,Hyderabad,2024-01-24,SUCCESS,false
TXN-00690,CUST-266,87.71,Wallet,Bangalore,2024-03-08,FAILED,false
TXN-00691,CUST-397,6679.45,Card,Delhi,2024-03-09,FAILED,false
TXN-00692,CUST-314,42026.78,UPI,Bangalore,2024-03-26,SUCCESS,false
TXN-00693,CUST-307,27551.92,UPI,Bangalore,2024-02-26,SUCCESS,false
TXN-00694,CUST-413,21.18,Card,Ahmedabad,2024-03-21,FAILED,false
TXN-00695,CUST-531,6185.76,UPI,Jaipur,2024-03-19,FAILED,false
TXN-00696,CUST-215,14021.79,Wallet,Delhi,2024-03-07,SUCCESS,true
TXN-00697,CUST-573,31441.32,Card,Pune,2024-02-06,SUCCESS,false
TXN-00698,CUST-247,18992.47,UPI,Ahmedabad,2024-01-14,SUCCESS,false
TXN-00699,CUST-145,35803.43,Card,Kolkata,2024-01-25,SUCCESS,false
TXN-00700,CUST-418,28900.99,Card,Bangalore,2024-03-15,SUCCESS,false
TXN-00701,CUST-206,15361.54,UPI,Mumbai,2024-03-26,SUCCESS,false
TXN-00702,CUST-447,17936.28,Card,Mumbai,2024-02-14,PENDING,false
TXN-00703,CUST-415,30358.57,UPI,Mumbai,2024-03-19,SUCCESS,false
TXN-00704,CUST-268,68.71,UPI,Hyderabad,2024-03-09,FAILED,false
TXN-00705,CUST-197,1295.55,Card,Kolkata,2024-01-06,SUCCESS,false
TXN-00706,CUST-526,69.42,UPI,Chennai,2024-02-07,FAILED,false
TXN-00707,CUST-398,42237.23,UPI,Delhi,2024-01-15,SUCCESS,false
TXN-00708,CUST-566,27134.61,Card,Chennai,2024-01-31,SUCCESS,false
TXN-00709,CUST-355,32152.56,Wallet,Surat,2024-02-26,SUCCESS,false
TXN-00710,CUST-171,7592.84,UPI,Mumbai,2024-02-21,SUCCESS,false
TXN-00711,CUST-551,2585.53,UPI,Mumbai,2024-02-19,FAILED,false
TXN-00712,CUST-531,13344.28,UPI,Kolkata,2024-01-05,SUCCESS,false
TXN-00713,CUST-290,15747.88,UPI,Delhi,2024-03-25,SUCCESS,false
TXN-00714,CUST-443,9482.68,Card,Mumbai,2024-02-16,SUCCESS,false
TXN-00715,CUST-298,8873.54,UPI,Kolkata,2024-02-05,PENDING,false
TXN-00716,CUST-190,33985.64,UPI,Mumbai,2024-03-30,SUCCESS,false
TXN-00717,CUST-588,47474.86,Wallet,Pune,2024-03-25,SUCCESS,false
TXN-00718,CUST-494,21421.47,UPI,Hyderabad,2024-01-13,SUCCESS,false
TXN-00719,CUST-182,6536.45,UPI,Hyderabad,2024-02-09,SUCCESS,true
TXN-00720,CUST-354,7999.85,UPI,Delhi,2024-03-17,SUCCESS,false
TXN-00721,CUST-381,25601.92,Card,Delhi,2024-01-05,SUCCESS,false
TXN-00722,CUST-413,7100.25,UPI,Hyderabad,2024-03-04,PENDING,false
TXN-00723,CUST-540,17634.42,UPI,Kochi,2024-01-01,SUCCESS,false
TXN-00724,CUST-421,12101.11,UPI,Mumbai,2024-03-06,FAILED,false
TXN-00725,CUST-303,36543.51,Card,Delhi,2024-01-29,SUCCESS,true
TXN-00726,CUST-241,10690.65,UPI,Hyderabad,2024-03-12,FAILED,false
TXN-00727,CUST-239,915.73,Wallet,Pune,2024-02-14,SUCCESS,false
TXN-00728,CUST-246,40850.19,Card,Hyderabad,2024-02-29,SUCCESS,false
TXN-00729,CUST-501,74.61,Card,Hyderabad,2024-02-02,FAILED,false
TXN-00730,CUST-319,761.05,Wallet,Mumbai,2024-01-04,SUCCESS,false
TXN-00731,CUST-147,23313.31,Card,Bangalore,2024-01-21,SUCCESS,true
TXN-00732,CUST-488,35992.49,UPI,Mumbai,2024-02-28,SUCCESS,false
TXN-00733,CUST-355,36850.02,UPI,Ahmedabad,2024-03-08,SUCCESS,false
TXN-00734,CUST-213,18690.87,Wallet,Mumbai,2024-01-27,SUCCESS,false
TXN-00735,CUST-467,1252.52,Card,Delhi,2024-02-25,SUCCESS,false
TXN-00736,CUST-276,39538.16,Card,Mumbai,2024-01-04,SUCCESS,false
TXN-00737,CUST-323,29754.07,UPI,Bangalore,2024-01-14,SUCCESS,false
TXN-00738,CUST-332,9807.08,Wallet,Chennai,2024-02-22,FAILED,false
TXN-00739,CUST-299,10165.1,UPI,Lucknow,2024-01-13,SUCCESS,false
TXN-00740,CUST-213,6496.35,Card,Mumbai,2024-03-13,SUCCESS,false
TXN-00741,CUST-128,14356.44,Card,Mumbai,2024-03-07,PENDING,false
TXN-00742,CUST-407,13580.79,UPI,Hyderabad,2024-01-20,SUCCESS,false
TXN-00743,CUST-397,70.51,UPI,Chennai,2024-03-27,FAILED,false
TXN-00744,CUST-503,74.13,Card,Mumbai,2024-03-11,FAILED,false
TXN-00745,CUST-101,16343.63,UPI,Mumbai,2024-02-02,SUCCESS,false
TXN-00746,CUST-390,36238.68,UPI,Chennai,2024-03-19,SUCCESS,false
TXN-00747,CUST-496,2078.52,UPI,Mumbai,2024-03-08,FAILED,false
TXN-00748,CUST-544,46975.66,Card,Delhi,2024-02-10,SUCCESS,false
TXN-00749,CUST-332,36520.74,Card,Bangalore,2024-02-22,SUCCESS,false
TXN-00750,CUST-198,4129.73,Wallet,Hyderabad,2024-02-04,FAILED,false
TXN-00751,CUST-124,18516.52,Wallet,Pune,2024-02-05,SUCCESS,false
TXN-00752,CUST-444,46893.81,UPI,Pune,2024-03-22,SUCCESS,false
TXN-00753,CUST-320,31113.27,Card,Pune,2024-01-20,SUCCESS,false
TXN-00754,CUST-520,34551.95,Wallet,Pune,2024-03-31,SUCCESS,false
TXN-00755,CUST-542,12481.58,UPI,Delhi,2024-03-12,SUCCESS,false
TXN-00756,CUST-148,34478.03,UPI,Bangalore,2024-02-02,SUCCESS,false
TXN-00757,CUST-242,32452.13,Card,Bangalore,2024-03-27,SUCCESS,false
TXN-00758,CUST-219,21120.52,UPI,Chennai,2024-03-01,SUCCESS,false
TXN-00759,CUST-114,26.1,Wallet,Delhi,2024-03-23,FAILED,false
TXN-00760,CUST-411,4956.78,UPI,Pune,2024-01-30,PENDING,false
TXN-00761,CUST-341,29614.02,Card,Hyderabad,2024-01-25,SUCCESS,false
TXN-00762,CUST-425,45222.14,UPI,Hyderabad,2024-01-15,SUCCESS,false
TXN-00763,CUST-157,954.05,UPI,Bangalore,2024-03-18,SUCCESS,false
TXN-00764,CUST-430,90.03,Card,Delhi,2024-02-21,FAILED,false
TXN-00765,CUST-176,79.88,Card,Mumbai,2024-01-29,FAILED,false
TXN-00766,CUST-367,9166.23,Card,Pune,2024-02-07,SUCCESS,false
TXN-00767,CUST-558,44728.17,UPI,Delhi,2024-02-10,SUCCESS,false
TXN-00768,CUST-386,26969.93,UPI,Hyderabad,2024-02-27,SUCCESS,true
TXN-00769,CUST-375,26448.31,Card,Delhi,2024-03-17,SUCCESS,false
TXN-00770,CUST-261,26679.13,Card,Pune,2024-02-01,SUCCESS,true
TXN-00771,CUST-132,29050.44,Card,Delhi,2024-01-27,SUCCESS,false
TXN-00772,CUST-256,5658.29,UPI,Delhi,2024-02-13,SUCCESS,false
TXN-00773,CUST-396,4669.69,Card,Hyderabad,2024-03-24,PENDING,false
TXN-00774,CUST-309,23547.62,Card,Indore,2024-03-30,SUCCESS,false
TXN-00775,CUST-242,16949.55,Card,Bangalore,2024-03-14,PENDING,false
TXN-00776,CUST-382,26173.74,UPI,Kochi,2024-02-11,SUCCESS,false
TXN-00777,CUST-443,27250.25,UPI,Hyderabad,2024-01-12,SUCCESS,false
TXN-00778,CUST-476,10872.62,Card,Mumbai,2024-01-18,PENDING,false
TXN-00779,CUST-293,65.52,UPI,Chennai,2024-02-06,FAILED,false
TXN-00780,CUST-264,18574.73,Wallet,Mumbai,2024-03-11,PENDING,false
TXN-00781,CUST-283,2527.49,Card,Kolkata,2024-03-12,SUCCESS,false
TXN-00782,CUST-202,14574.4,UPI,Delhi,2024-02-01,FAILED,false
TXN-00783,CUST-136,7392.46,UPI,Bangalore,2024-02-18,PENDING,false
TXN-00784,CUST-347,57.75,Wallet,Lucknow,2024-01-06,FAILED,false
TXN-00785,CUST-488,47238.19,Card,Mumbai,2024-03-08,SUCCESS,false
TXN-00786,CUST-238,1017.19,UPI,Bangalore,2024-01-03,SUCCESS,false
TXN-00787,CUST-249,44037.19,Card,Hyderabad,2024-02-10,SUCCESS,false
TXN-00788,CUST-545,25084.84,Card,Hyderabad,2024-02-06,SUCCESS,false
TXN-00789,CUST-568,20087.26,Card,Chennai,2024-02-22,SUCCESS,true
TXN-00790,CUST-487,43092.94,UPI,Ahmedabad,2024-03-19,SUCCESS,false
TXN-00791,CUST-407,21062.78,UPI,Bangalore,2024-02-02,SUCCESS,false
TXN-00792,CUST-484,19653.01,UPI,Jaipur,2024-02-28,SUCCESS,false
TXN-00793,CUST-174,5627.7,UPI,Bangalore,2024-02-25,FAILED,false
TXN-00794,CUST-266,4203.56,UPI,Pune,2024-01-07,FAILED,false
TXN-00795,CUST-259,87.1,Wallet,Bangalore,2024-02-12,FAILED,false
TXN-00796,CUST-181,42431.25,Card,Bangalore,2024-01-16,SUCCESS,false
TXN-00797,CUST-423,23148.09,Card,Mumbai,2024-01-21,SUCCESS,false
TXN-00798,CUST-105,8379.03,Card,Bangalore,2024-02-02,PENDING,false
TXN-00799,CUST-580,16575.12,UPI,Bangalore,2024-01-21,SUCCESS,false
TXN-00800,CUST-244,41593.57,UPI,Mumbai,2024-01-22,SUCCESS,false
TXN-00801,CUST-206,47072.37,Card,Ahmedabad,2024-01-30,SUCCESS,false
TXN-00802,CUST-440,46223.61,Wallet,Mumbai,2024-03-10,SUCCESS,false
TXN-00803,CUST-342,47401.24,Card,Bangalore,2024-01-18,SUCCESS,false
TXN-00804,CUST-260,72.34,UPI,Chennai,2024-02-28,FAILED,false
TXN-00805,CUST-166,30847.7,UPI,Ahmedabad,2024-03-20,SUCCESS,false
TXN-00806,CUST-282,24961.64,Card,Delhi,2024-03-09,SUCCESS,false
TXN-00807,CUST-527,43783.46,UPI,Mumbai,2024-02-07,SUCCESS,false
TXN-00808,CUST-160,7332.44,Card,Lucknow,2024-01-09,PENDING,false
TXN-00809,CUST-346,34870.45,UPI,Delhi,2024-01-25,SUCCESS,true
TXN-00810,CUST-440,34480.66,UPI,Chennai,2024-01-10,SUCCESS,false
TXN-00811,CUST-390,19069.59,UPI,Delhi,2024-03-09,SUCCESS,false
TXN-00812,CUST-400,25514.0,UPI,Chennai,2024-01-05,SUCCESS,true
TXN-00813,CUST-258,11734.0,Card,Mumbai,2024-02-27,SUCCESS,false
TXN-00814,CUST-500,16.66,UPI,Delhi,2024-02-28,FAILED,false
TXN-00815,CUST-186,26520.26,Card,Pune,2024-03-19,SUCCESS,false
TXN-00816,CUST-367,23.91,Card,Lucknow,2024-02-09,FAILED,false
TXN-00817,CUST-375,31464.29,UPI,Chennai,2024-01-12,SUCCESS,false
TXN-00818,CUST-157,41836.64,Wallet,Mumbai,2024-03-25,SUCCESS,false
TXN-00819,CUST-405,27596.17,UPI,Pune,2024-03-14,SUCCESS,false
TXN-00820,CUST-348,6188.82,UPI,Delhi,2024-01-18,PENDING,false
TXN-00821,CUST-177,17042.88,UPI,Bangalore,2024-03-12,PENDING,false
TXN-00822,CUST-314,33423.79,Card,Jaipur,2024-03-05,SUCCESS,false
TXN-00823,CUST-327,13956.75,Wallet,Pune,2024-01-18,FAILED,false
TXN-00824,CUST-296,16152.89,UPI,Chandigarh,2024-03-29,PENDING,false
TXN-00825,CUST-421,11314.12,UPI,Mumbai,2024-03-26,SUCCESS,false
TXN-00826,CUST-431,33041.62,UPI,Hyderabad,2024-03-16,SUCCESS,false
TXN-00827,CUST-515,29240.76,UPI,Lucknow,2024-02-17,SUCCESS,true
TXN-00828,CUST-190,33.73,UPI,Mumbai,2024-01-09,FAILED,false
TXN-00829,CUST-374,22982.08,UPI,Hyderabad,2024-01-06,SUCCESS,false
TXN-00830,CUST-597,19644.96,UPI,Delhi,2024-03-27,SUCCESS,false
TXN-00831,CUST-302,2718.56,Card,Mumbai,2024-02-08,SUCCESS,false
TXN-00832,CUST-206,17888.49,Wallet,Mumbai,2024-03-27,SUCCESS,false
TXN-00833,CUST-357,33002.97,UPI,Bangalore,2024-03-06,SUCCESS,false
TXN-00834,CUST-228,43118.56,Card,Hyderabad,2024-02-11,SUCCESS,false
TXN-00835,CUST-522,23075.92,UPI,Chennai,2024-03-09,SUCCESS,false
TXN-00836,CUST-429,6525.88,Card,Ahmedabad,2024-03-22,FAILED,false
TXN-00837,CUST-164,25890.28,UPI,Kolkata,2024-02-20,SUCCESS,false
TXN-00838,CUST-127,34251.13,UPI,Delhi,2024-01-28,SUCCESS,false
TXN-00839,CUST-556,40203.17,UPI,Chennai,2024-03-03,SUCCESS,false
TXN-00840,CUST-277,45932.99,UPI,Kolkata,2024-03-12,SUCCESS,false
TXN-00841,CUST-321,89.31,Card,Delhi,2024-01-25,FAILED,false
TXN-00842,CUST-118,5713.17,Wallet,Mumbai,2024-01-22,SUCCESS,false
TXN-00843,CUST-376,40223.81,Card,Surat,2024-02-08,SUCCESS,false
TXN-00844,CUST-495,10166.17,Card,Mumbai,2024-02-21,SUCCESS,false
TXN-00845,CUST-303,24974.32,UPI,Mumbai,2024-02-16,SUCCESS,false
TXN-00846,CUST-312,22730.7,UPI,Lucknow,2024-02-14,SUCCESS,false
TXN-00847,CUST-269,34719.84,Card,Chennai,2024-03-12,SUCCESS,false
TXN-00848,CUST-561,41315.81,Wallet,Bangalore,2024-03-23,SUCCESS,false
TXN-00849,CUST-479,9682.57,Wallet,Chennai,2024-02-05,SUCCESS,false
TXN-00850,CUST-194,9741.77,UPI,Bangalore,2024-02-04,SUCCESS,false
TXN-00851,CUST-444,1697.72,Card,Hyderabad,2024-03-25,PENDING,false
TXN-00852,CUST-388,1722.87,UPI,Hyderabad,2024-01-02,SUCCESS,false
TXN-00853,CUST-407,67.84,UPI,Delhi,2024-03-08,FAILED,false
TXN-00854,CUST-489,60.42,UPI,Bangalore,2024-03-15,FAILED,false
TXN-00855,CUST-109,1977.55,UPI,Bangalore,2024-01-16,PENDING,false
TXN-00856,CUST-346,5766.26,Card,Delhi,2024-02-01,FAILED,false
TXN-00857,CUST-311,28330.11,UPI,Surat,2024-02-21,SUCCESS,false
TXN-00858,CUST-398,6401.45,UPI,Mumbai,2024-03-13,SUCCESS,false
TXN-00859,CUST-268,18668.28,Wallet,Hyderabad,2024-01-30,SUCCESS,false
TXN-00860,CUST-295,3659.06,UPI,Ahmedabad,2024-03-29,SUCCESS,false
TXN-00861,CUST-270,4578.56,Wallet,Ahmedabad,2024-03-06,SUCCESS,false
TXN-00862,CUST-590,39996.55,Card,Pune,2024-01-27,SUCCESS,false
TXN-00863,CUST-294,3640.07,Wallet,Jaipur,2024-02-01,SUCCESS,false
TXN-00864,CUST-372,1466.55,Card,Mumbai,2024-03-08,SUCCESS,false
TXN-00865,CUST-274,56.42,Card,Ahmedabad,2024-02-08,FAILED,false
TXN-00866,CUST-204,42063.37,Wallet,Surat,2024-03-23,SUCCESS,false
TXN-00867,CUST-582,16508.98,UPI,Kolkata,2024-03-24,SUCCESS,false
TXN-00868,CUST-251,43249.25,Card,Kolkata,2024-01-12,SUCCESS,false
TXN-00869,CUST-537,6939.35,Wallet,Mumbai,2024-01-22,SUCCESS,true
TXN-00870,CUST-476,29138.03,Wallet,Kolkata,2024-03-15,SUCCESS,false
TXN-00871,CUST-465,4202.01,Card,Delhi,2024-01-29,SUCCESS,false
TXN-00872,CUST-419,41770.56,Card,Mumbai,2024-01-01,SUCCESS,false
TXN-00873,CUST-309,44641.74,Card,Mumbai,2024-01-31,SUCCESS,false
TXN-00874,CUST-360,22.68,Wallet,Delhi,2024-01-19,FAILED,false
TXN-00875,CUST-262,43237.9,UPI,Hyderabad,2024-03-31,SUCCESS,false
TXN-00876,CUST-445,46316.95,Card,Delhi,2024-01-15,SUCCESS,false
TXN-00877,CUST-123,17243.7,UPI,Ahmedabad,2024-03-03,SUCCESS,true
TXN-00878,CUST-390,47545.88,Wallet,Delhi,2024-03-02,SUCCESS,false
TXN-00879,CUST-423,12219.16,Wallet,Jaipur,2024-03-16,FAILED,false
TXN-00880,CUST-400,1682.25,UPI,Ahmedabad,2024-03-19,FAILED,false
TXN-00881,CUST-390,31380.76,UPI,Bangalore,2024-01-02,SUCCESS,false
TXN-00882,CUST-464,10191.18,Wallet,Chennai,2024-01-06,SUCCESS,false
TXN-00883,CUST-337,561.48,Card,Delhi,2024-01-30,SUCCESS,false
TXN-00884,CUST-551,36371.48,UPI,Chennai,2024-03-07,SUCCESS,false
TXN-00885,CUST-581,17425.19,Card,Bangalore,2024-01-30,SUCCESS,false
TXN-00886,CUST-103,7416.25,UPI,Mumbai,2024-03-23,FAILED,false
TXN-00887,CUST-119,13481.44,UPI,Chennai,2024-01-23,SUCCESS,false
TXN-00888,CUST-504,1395.97,UPI,Delhi,2024-01-06,SUCCESS,false
TXN-00889,CUST-118,26.72,UPI,Pune,2024-03-28,FAILED,false
TXN-00890,CUST-572,5675.83,UPI,Bangalore,2024-01-16,FAILED,false
TXN-00891,CUST-541,15434.31,UPI,Kolkata,2024-02-26,SUCCESS,false
TXN-00892,CUST-430,27506.21,UPI,Jaipur,2024-03-03,SUCCESS,false
TXN-00893,CUST-281,5349.34,UPI,Chennai,2024-03-14,SUCCESS,false
TXN-00894,CUST-557,2158.98,UPI,Hyderabad,2024-02-06,SUCCESS,false
TXN-00895,CUST-421,18858.39,UPI,Mumbai,2024-02-24,SUCCESS,false
TXN-00896,CUST-254,8692.99,UPI,Mumbai,2024-02-25,SUCCESS,false
TXN-00897,CUST-449,24973.49,Card,Kolkata,2024-01-08,SUCCESS,false
TXN-00898,CUST-311,10487.82,UPI,Delhi,2024-03-04,SUCCESS,false
TXN-00899,CUST-499,12070.8,UPI,Chandigarh,2024-02-19,PENDING,false
TXN-00900,CUST-159,17844.52,UPI,Bangalore,2024-01-25,SUCCESS,false
TXN-00901,CUST-187,22567.94,Wallet,Ahmedabad,2024-02-12,SUCCESS,true
TXN-00902,CUST-560,5287.99,Card,Kolkata,2024-03-11,SUCCESS,false
TXN-00903,CUST-315,16095.48,UPI,Pune,2024-02-20,SUCCESS,false
TXN-00904,CUST-448,8338.3,UPI,Mumbai,2024-02-17,SUCCESS,false
TXN-00905,CUST-290,3694.01,Card,Bangalore,2024-01-31,SUCCESS,false
TXN-00906,CUST-111,3627.11,UPI,Pune,2024-03-08,SUCCESS,false
TXN-00907,CUST-378,7319.23,UPI,Delhi,2024-01-03,PENDING,false
TXN-00908,CUST-599,7499.86,Card,Kolkata,2024-01-26,SUCCESS,false
TXN-00909,CUST-153,11668.22,UPI,Hyderabad,2024-01-17,SUCCESS,false
TXN-00910,CUST-418,78.31,UPI,Delhi,2024-02-01,FAILED,false
TXN-00911,CUST-167,13812.08,UPI,Chennai,2024-02-02,FAILED,false
TXN-00912,CUST-333,28638.31,Card,Delhi,2024-01-24,SUCCESS,false
TXN-00913,CUST-412,14037.64,Wallet,Jaipur,2024-02-01,PENDING,false
TXN-00914,CUST-122,29396.87,UPI,Surat,2024-03-26,SUCCESS,false
TXN-00915,CUST-589,6370.11,UPI,Delhi,2024-03-07,SUCCESS,false
TXN-00916,CUST-590,20744.35,UPI,Mumbai,2024-03-23,SUCCESS,false
TXN-00917,CUST-329,32695.28,Wallet,Surat,2024-03-01,SUCCESS,false
TXN-00918,CUST-332,4262.08,UPI,Chennai,2024-02-09,SUCCESS,false
TXN-00919,CUST-316,31347.25,Card,Bangalore,2024-02-17,SUCCESS,false
TXN-00920,CUST-166,44053.95,UPI,Kolkata,2024-02-12,SUCCESS,false
TXN-00921,CUST-198,8678.77,UPI,Bangalore,2024-01-13,PENDING,false
TXN-00922,CUST-166,5358.22,UPI,Surat,2024-02-06,FAILED,false
TXN-00923,CUST-325,19647.12,Wallet,Kolkata,2024-01-19,SUCCESS,false
TXN-00924,CUST-178,17.91,UPI,Chennai,2024-02-02,FAILED,false
TXN-00925,CUST-132,355.92,Card,Kolkata,2024-01-26,PENDING,false
TXN-00926,CUST-530,7107.38,UPI,Hyderabad,2024-03-13,PENDING,false
TXN-00927,CUST-151,21123.01,UPI,Mumbai,2024-03-31,SUCCESS,false
TXN-00928,CUST-102,11083.12,Card,Chennai,2024-03-29,FAILED,false
TXN-00929,CUST-371,4294.45,UPI,Hyderabad,2024-03-25,FAILED,false
TXN-00930,CUST-233,3364.49,UPI,Hyderabad,2024-03-26,SUCCESS,false
TXN-00931,CUST-282,17005.9,Card,Kolkata,2024-02-10,PENDING,false
TXN-00932,CUST-136,27953.64,UPI,Surat,2024-03-20,SUCCESS,false
TXN-00933,CUST-461,33790.5,Card,Kochi,2024-01-15,SUCCESS,true
TXN-00934,CUST-298,7690.11,Wallet,Mumbai,2024-01-21,SUCCESS,false
TXN-00935,CUST-380,40001.26,Card,Pune,2024-01-19,SUCCESS,false
TXN-00936,CUST-515,16426.77,UPI,Delhi,2024-01-18,PENDING,false
TXN-00937,CUST-502,44780.54,Wallet,Kolkata,2024-02-23,SUCCESS,false
TXN-00938,CUST-162,13156.27,UPI,Chennai,2024-03-03,SUCCESS,false
TXN-00939,CUST-423,44560.36,UPI,Mumbai,2024-01-20,SUCCESS,false
TXN-00940,CUST-170,38397.42,Card,Mumbai,2024-03-05,SUCCESS,false
TXN-00941,CUST-452,201.34,UPI,Mumbai,2024-02-26,PENDING,false
TXN-00942,CUST-377,13690.66,Wallet,Bangalore,2024-02-03,FAILED,false
TXN-00943,CUST-553,32806.58,UPI,Mumbai,2024-02-14,SUCCESS,false
TXN-00944,CUST-516,42648.75,UPI,Hyderabad,2024-03-01,SUCCESS,false
TXN-00945,CUST-227,2842.99,UPI,Delhi,2024-01-22,SUCCESS,false
TXN-00946,CUST-332,42612.0,UPI,Delhi,2024-03-22,SUCCESS,false
TXN-00947,CUST-310,16087.0,Card,Mumbai,2024-01-22,SUCCESS,false
TXN-00948,CUST-387,35136.14,UPI,Hyderabad,2024-02-01,SUCCESS,false
TXN-00949,CUST-515,38475.7,UPI,Mumbai,2024-03-29,SUCCESS,false
TXN-00950,CUST-509,10494.1,Wallet,Delhi,2024-03-19,SUCCESS,false
TXN-00951,CUST-260,9936.61,Wallet,Surat,2024-03-12,PENDING,false
TXN-00952,CUST-413,7976.01,UPI,Delhi,2024-03-26,SUCCESS,false
TXN-00953,CUST-499,35929.19,UPI,Kolkata,2024-01-18,SUCCESS,false
TXN-00954,CUST-340,14519.26,UPI,Chennai,2024-02-17,FAILED,false
TXN-00955,CUST-466,35769.08,Card,Delhi,2024-01-29,SUCCESS,false
TXN-00956,CUST-547,25821.78,UPI,Delhi,2024-01-05,SUCCESS,false
TXN-00957,CUST-161,3235.77,Card,Bangalore,2024-03-28,PENDING,false
TXN-00958,CUST-264,43251.85,UPI,Mumbai,2024-02-20,SUCCESS,false
TXN-00959,CUST-192,12906.59,UPI,Kochi,2024-02-12,PENDING,false
TXN-00960,CUST-324,11602.51,UPI,Bangalore,2024-03-06,SUCCESS,true
TXN-00961,CUST-123,32627.4,UPI,Delhi,2024-02-19,SUCCESS,false
TXN-00962,CUST-417,46427.6,Card,Hyderabad,2024-02-17,SUCCESS,false
TXN-00963,CUST-131,9797.3,UPI,Kolkata,2024-02-13,FAILED,false
TXN-00964,CUST-532,27563.2,UPI,Bangalore,2024-01-18,SUCCESS,false
TXN-00965,CUST-136,35467.69,Card,Mumbai,2024-02-09,SUCCESS,false
TXN-00966,CUST-274,37286.23,UPI,Lucknow,2024-02-26,SUCCESS,false
TXN-00967,CUST-493,40957.49,UPI,Chennai,2024-03-24,SUCCESS,false
TXN-00968,CUST-107,21595.8,UPI,Delhi,2024-03-26,SUCCESS,false
TXN-00969,CUST-141,19982.43,UPI,Surat,2024-03-13,PENDING,false
TXN-00970,CUST-378,3509.37,Wallet,Bangalore,2024-01-23,FAILED,false
TXN-00971,CUST-418,24474.42,Card,Mumbai,2024-01-28,SUCCESS,false
TXN-00972,CUST-380,9848.59,UPI,Kochi,2024-02-29,SUCCESS,false
TXN-00973,CUST-384,41635.79,Card,Pune,2024-03-03,SUCCESS,false
TXN-00974,CUST-181,29535.06,UPI,Surat,2024-03-11,SUCCESS,false
TXN-00975,CUST-299,34410.36,UPI,Lucknow,2024-03-28,SUCCESS,false
TXN-00976,CUST-479,17824.8,UPI,Hyderabad,2024-03-02,SUCCESS,false
TXN-00977,CUST-277,5959.19,Card,Bangalore,2024-01-14,SUCCESS,false
TXN-00978,CUST-186,72.11,Card,Delhi,2024-03-31,FAILED,false
TXN-00979,CUST-158,31365.4,UPI,Delhi,2024-03-14,SUCCESS,false
TXN-00980,CUST-196,2545.38,UPI,Delhi,2024-03-05,PENDING,false
TXN-00981,CUST-420,6800.49,Card,Lucknow,2024-03-11,FAILED,false
TXN-00982,CUST-162,15136.13,Wallet,Chennai,2024-01-03,SUCCESS,false
TXN-00983,CUST-115,28490.43,Card,Chennai,2024-01-29,SUCCESS,false
TXN-00984,CUST-457,11461.03,UPI,Bangalore,2024-01-25,SUCCESS,false
TXN-00985,CUST-353,38626.22,UPI,Hyderabad,2024-01-28,SUCCESS,false
TXN-00986,CUST-430,46961.53,Card,Kolkata,2024-02-01,SUCCESS,false
TXN-00987,CUST-315,11632.36,UPI,Hyderabad,2024-01-13,PENDING,false
TXN-00988,CUST-113,34816.74,UPI,Jaipur,2024-03-18,SUCCESS,false
TXN-00989,CUST-416,76.25,Wallet,Kolkata,2024-03-30,FAILED,false
TXN-00990,CUST-277,5598.17,UPI,Chennai,2024-01-25,PENDING,false
TXN-00991,CUST-442,64.52,Wallet,Mumbai,2024-03-15,FAILED,false
TXN-00992,CUST-209,27095.03,UPI,Chennai,2024-03-13,SUCCESS,false
TXN-00993,CUST-373,37512.78,UPI,Kolkata,2024-02-28,SUCCESS,false
TXN-00994,CUST-118,18415.55,UPI,Jaipur,2024-01-19,SUCCESS,false
TXN-00995,CUST-208,11923.38,UPI,Pune,2024-03-10,SUCCESS,false
TXN-00996,CUST-114,7427.34,Card,Ahmedabad,2024-01-23,SUCCESS,false
TXN-00997,CUST-452,24343.62,Wallet,Mumbai,2024-03-11,SUCCESS,false
TXN-00998,CUST-579,47708.08,UPI,Chennai,2024-02-01,SUCCESS,false
TXN-00999,CUST-341,86.05,Card,Hyderabad,2024-01-11,FAILED,false
TXN-01000,CUST-413,3086.98,UPI,Delhi,2024-03-19,SUCCESS,false
